driverId,grid,positionOrder,Count
1,1,1,59
1,1,2,14
1,1,3,10
1,1,4,1
1,1,5,3
1,1,6,1
1,1,7,1
1,1,9,1
1,1,12,2
1,1,18,1
1,1,19,4
1,1,20,1
1,1,21,2
1,1,24,1
1,2,1,27
1,2,2,19
1,2,3,5
1,2,4,4
1,2,5,2
1,2,7,1
1,2,8,2
1,2,12,1
1,2,15,1
1,2,16,1
1,2,17,1
1,2,19,2
1,2,22,1
1,3,1,7
1,3,2,4
1,3,3,5
1,3,4,3
1,3,5,3
1,3,6,1
1,3,7,1
1,3,9,1
1,3,10,1
1,3,13,1
1,3,14,1
1,3,19,1
1,3,20,1
1,4,1,2
1,4,2,4
1,4,3,4
1,4,4,7
1,4,5,4
1,4,7,1
1,4,22,1
1,5,1,1
1,5,2,1
1,5,3,1
1,5,4,3
1,5,5,2
1,5,7,1
1,5,9,1
1,5,18,2
1,5,20,1
1,5,23,1
1,5,24,1
1,6,1,2
1,6,2,1
1,6,4,1
1,7,3,1
1,7,7,1
1,7,23,1
1,7,24,1
1,8,4,1
1,8,5,1
1,8,8,1
1,9,2,1
1,9,3,1
1,9,5,3
1,9,6,2
1,10,2,1
1,10,4,1
1,10,5,1
1,10,9,1
1,11,6,1
1,12,7,1
1,12,9,1
1,12,19,1
1,13,7,1
1,13,10,1
1,14,1,1
1,14,9,1
1,15,7,1
1,16,13,1
1,17,3,1
1,18,16,1
1,18,20,1
1,19,12,1
1,20,3,1
1,20,4,1
1,20,6,1
1,21,3,1
1,22,3,1
1,22,7,1
1,24,8,1
2,1,2,1
2,2,3,1
2,3,2,1
2,3,4,1
2,3,5,1
2,3,8,1
2,4,4,1
2,4,6,2
2,4,15,1
2,4,16,1
2,5,2,3
2,5,4,2
2,5,6,1
2,5,14,2
2,5,16,1
2,5,18,1
2,6,2,1
2,6,3,1
2,6,4,2
2,6,5,1
2,6,6,2
2,6,8,1
2,6,9,1
2,6,18,1
2,7,5,2
2,7,6,2
2,7,10,1
2,7,11,1
2,7,12,1
2,7,15,2
2,7,19,1
2,7,21,1
2,8,2,1
2,8,4,2
2,8,5,1
2,8,6,1
2,8,7,2
2,8,9,2
2,8,10,1
2,8,11,1
2,8,17,1
2,9,3,1
2,9,5,2
2,9,6,4
2,9,7,3
2,9,8,1
2,9,9,1
2,9,10,2
2,9,14,1
2,9,20,1
2,10,2,1
2,10,3,2
2,10,4,1
2,10,5,1
2,10,6,3
2,10,7,1
2,10,8,1
2,10,9,2
2,10,12,1
2,10,17,2
2,10,19,1
2,11,8,2
2,11,9,2
2,11,10,2
2,11,11,2
2,11,12,1
2,11,13,1
2,11,15,1
2,11,17,1
2,11,20,1
2,11,24,1
2,12,4,1
2,12,6,1
2,12,7,2
2,12,14,1
2,12,15,1
2,12,20,1
2,13,5,1
2,13,7,2
2,13,9,1
2,13,10,2
2,13,12,1
2,13,14,1
2,13,15,1
2,14,10,1
2,14,11,2
2,14,12,1
2,14,13,1
2,14,14,1
2,14,18,2
2,14,19,1
2,14,20,1
2,14,23,1
2,15,7,2
2,15,8,3
2,15,9,1
2,15,10,3
2,15,11,1
2,15,13,2
2,15,15,2
2,15,16,1
2,15,17,2
2,15,18,2
2,15,19,1
2,16,8,1
2,16,9,3
2,16,11,2
2,16,12,4
2,16,13,1
2,16,17,2
2,16,18,1
2,16,19,1
2,16,22,1
2,17,7,1
2,17,10,1
2,17,16,1
2,17,18,1
2,18,8,1
2,18,10,1
2,18,12,1
2,18,15,1
2,18,17,1
2,18,18,1
2,19,16,1
2,19,19,1
2,19,21,2
2,20,8,1
2,20,13,1
2,20,14,1
2,20,19,1
2,21,20,1
2,22,19,1
2,24,8,1
3,1,1,15
3,1,2,8
3,1,4,2
3,1,6,1
3,1,9,1
3,1,14,1
3,1,18,2
3,2,1,6
3,2,2,14
3,2,3,3
3,2,4,1
3,2,5,2
3,2,7,1
3,2,8,1
3,2,21,1
3,2,22,1
3,3,1,2
3,3,2,1
3,3,3,3
3,3,5,1
3,3,11,1
3,3,21,1
3,4,2,1
3,4,3,1
3,4,4,1
3,4,5,2
3,4,7,2
3,4,8,1
3,4,17,1
3,4,19,2
3,5,3,1
3,5,4,1
3,5,5,2
3,5,6,4
3,5,10,1
3,5,12,1
3,5,14,1
3,5,24,1
3,6,4,3
3,6,5,2
3,6,6,3
3,6,7,5
3,6,8,1
3,6,11,1
3,6,16,1
3,6,17,1
3,6,19,1
3,6,20,1
3,6,21,1
3,6,22,1
3,7,3,1
3,7,5,5
3,7,6,2
3,7,7,3
3,7,8,1
3,7,9,1
3,7,10,1
3,7,11,1
3,7,12,1
3,7,13,1
3,7,15,1
3,7,16,1
3,7,17,1
3,7,23,1
3,8,2,1
3,8,6,1
3,8,7,1
3,8,8,1
3,8,13,1
3,8,19,1
3,9,4,1
3,9,5,1
3,9,6,1
3,9,8,3
3,9,9,3
3,9,12,1
3,9,15,1
3,9,23,2
3,10,4,1
3,10,5,1
3,10,6,1
3,10,8,1
3,10,10,2
3,10,11,1
3,11,6,1
3,11,8,1
3,11,9,1
3,11,15,1
3,11,20,1
3,12,7,2
3,12,9,2
3,12,10,1
3,12,22,1
3,13,6,1
3,13,10,2
3,13,11,2
3,13,22,1
3,13,24,1
3,14,6,1
3,14,14,1
3,14,15,1
3,14,16,1
3,14,18,1
3,14,20,1
3,14,21,1
3,15,4,1
3,15,11,2
3,15,12,1
3,15,14,1
3,15,16,1
3,16,14,1
3,16,18,1
3,17,12,1
3,17,13,1
3,18,12,1
3,18,14,1
3,18,16,1
3,18,17,1
3,19,16,1
3,20,9,1
3,21,9,1
3,21,10,1
3,22,7,1
3,23,10,1
3,23,11,1
4,1,1,14
4,1,2,5
4,1,3,2
4,1,18,1
4,2,1,4
4,2,2,4
4,2,3,1
4,2,4,1
4,2,7,1
4,2,9,1
4,2,15,1
4,2,21,1
4,2,22,1
4,3,1,6
4,3,2,7
4,3,3,4
4,3,4,2
4,3,5,1
4,3,7,1
4,3,8,2
4,3,12,1
4,3,14,1
4,3,16,1
4,3,17,1
4,3,22,1
4,4,1,2
4,4,2,7
4,4,3,5
4,4,4,3
4,4,5,3
4,4,7,1
4,4,8,1
4,4,16,2
4,5,1,2
4,5,2,7
4,5,3,10
4,5,4,6
4,5,5,2
4,5,6,2
4,5,7,1
4,5,11,1
4,5,13,1
4,5,18,1
4,5,22,2
4,6,1,1
4,6,2,3
4,6,4,4
4,6,5,4
4,6,6,2
4,6,7,1
4,6,8,1
4,6,11,2
4,6,15,1
4,6,23,1
4,7,2,3
4,7,3,1
4,7,4,1
4,7,5,2
4,7,6,5
4,7,7,2
4,7,8,2
4,7,10,1
4,7,12,1
4,7,18,1
4,7,20,1
4,7,21,1
4,8,1,1
4,8,4,8
4,8,5,3
4,8,6,4
4,8,8,1
4,8,9,2
4,8,10,1
4,8,11,1
4,8,17,2
4,8,18,1
4,9,2,1
4,9,3,1
4,9,4,1
4,9,5,1
4,9,6,1
4,9,7,3
4,9,8,1
4,9,9,2
4,9,10,1
4,9,11,2
4,9,13,1
4,9,16,1
4,9,19,1
4,10,3,2
4,10,5,3
4,10,7,2
4,10,10,2
4,10,11,2
4,10,14,1
4,10,17,1
4,10,18,1
4,10,19,2
4,10,20,1
4,10,21,1
4,11,1,1
4,11,4,1
4,11,5,1
4,11,7,1
4,11,8,1
4,11,9,1
4,11,12,1
4,11,13,1
4,11,16,1
4,11,21,1
4,12,5,2
4,12,7,2
4,12,8,1
4,12,11,2
4,12,14,2
4,12,16,1
4,12,17,1
4,12,19,1
4,12,20,2
4,13,3,1
4,13,7,2
4,13,8,3
4,13,12,1
4,13,15,1
4,13,16,1
4,13,18,2
4,13,19,2
4,13,20,2
4,14,6,1
4,14,10,1
4,14,11,1
4,14,18,2
4,15,1,1
4,15,5,1
4,15,10,1
4,15,11,1
4,15,14,3
4,15,16,1
4,15,19,1
4,15,20,1
4,16,3,1
4,16,6,2
4,16,10,2
4,16,14,1
4,16,16,1
4,16,17,1
4,16,18,1
4,17,10,1
4,17,13,1
4,17,17,1
4,17,21,1
4,18,10,1
4,18,11,1
4,18,12,1
4,18,13,2
4,18,14,1
4,18,15,1
4,18,18,2
4,18,20,1
4,18,22,1
4,19,7,1
4,19,9,1
4,19,11,1
4,19,12,1
4,19,13,1
4,19,16,1
4,19,17,1
4,19,19,1
4,19,20,1
4,20,8,1
4,20,11,1
4,20,13,1
4,20,15,1
4,20,18,1
4,20,22,1
4,21,10,1
4,21,13,2
4,21,14,1
4,21,16,1
4,21,17,1
4,22,7,2
4,22,19,1
4,24,6,1
5,1,5,1
5,2,1,1
5,2,2,1
5,2,4,1
5,2,12,1
5,3,5,2
5,3,10,1
5,3,17,1
5,4,6,1
5,4,8,1
5,5,4,1
5,5,5,1
5,5,7,1
5,5,10,1
5,5,18,1
5,6,5,2
5,6,8,1
5,6,15,1
5,6,17,1
5,7,6,1
5,7,7,2
5,7,8,1
5,7,9,1
5,7,16,1
5,8,3,1
5,8,7,2
5,8,15,1
5,9,8,1
5,10,4,1
5,11,2,1
5,11,8,2
5,11,11,1
5,11,12,1
5,11,14,1
5,12,5,1
5,12,9,1
5,12,19,1
5,13,9,1
5,13,10,1
5,13,16,1
5,13,20,1
5,14,14,1
5,14,20,1
5,15,6,1
5,15,13,1
5,15,18,1
5,15,23,1
5,16,9,1
5,16,14,1
5,16,15,1
5,16,17,1
5,16,19,1
5,17,13,1
5,17,14,2
5,17,15,1
5,17,17,2
5,17,18,1
5,17,24,1
5,18,11,1
5,18,13,1
5,18,14,1
5,18,16,3
5,18,17,2
5,18,18,3
5,18,19,1
5,18,20,1
5,18,21,1
5,18,23,1
5,19,13,1
5,19,14,2
5,19,15,2
5,19,16,6
5,19,17,3
5,19,18,1
5,19,19,1
5,19,23,1
5,20,12,1
5,20,13,1
5,20,14,1
5,20,17,1
5,20,18,2
5,20,23,2
5,20,24,1
5,21,13,1
5,21,14,1
5,21,15,1
5,22,4,1
5,22,18,1
5,24,18,1
8,1,1,6
8,1,2,6
8,1,3,1
8,1,14,1
8,1,15,1
8,1,16,1
8,1,20,2
8,2,1,5
8,2,2,4
8,2,3,9
8,2,5,2
8,2,8,1
8,2,9,1
8,2,11,1
8,2,16,1
8,2,18,1
8,3,1,2
8,3,2,5
8,3,3,15
8,3,4,2
8,3,5,2
8,3,9,1
8,3,14,1
8,3,15,1
8,3,18,1
8,3,19,1
8,3,20,3
8,4,1,2
8,4,2,8
8,4,3,5
8,4,4,10
8,4,5,3
8,4,6,2
8,4,7,1
8,4,14,1
8,4,17,1
8,4,18,4
8,4,19,1
8,4,20,2
8,5,2,4
8,5,3,4
8,5,4,6
8,5,5,4
8,5,6,3
8,5,8,2
8,5,10,2
8,5,11,1
8,5,12,3
8,5,13,1
8,5,14,2
8,5,17,1
8,5,18,3
8,5,19,2
8,5,21,1
8,6,1,1
8,6,2,3
8,6,3,5
8,6,4,3
8,6,5,2
8,6,6,4
8,6,7,2
8,6,9,3
8,6,12,2
8,6,15,1
8,6,16,1
8,6,17,2
8,6,19,1
8,6,20,1
8,6,22,1
8,7,1,3
8,7,2,2
8,7,4,1
8,7,5,3
8,7,6,2
8,7,7,1
8,7,8,1
8,7,10,1
8,7,14,1
8,7,15,1
8,7,19,1
8,7,21,1
8,8,2,2
8,8,4,2
8,8,5,4
8,8,7,1
8,8,9,2
8,8,10,3
8,8,13,1
8,8,15,1
8,8,17,1
8,8,21,1
8,9,2,1
8,9,3,1
8,9,4,1
8,9,5,2
8,9,7,3
8,9,8,3
8,9,10,1
8,9,16,1
8,9,19,1
8,10,1,1
8,10,3,1
8,10,5,2
8,10,6,1
8,10,7,3
8,10,8,1
8,10,9,1
8,10,10,1
8,10,12,2
8,10,20,3
8,11,2,1
8,11,4,3
8,11,5,1
8,11,7,1
8,11,8,1
8,11,9,1
8,11,11,1
8,11,12,1
8,11,21,1
8,11,22,1
8,12,3,1
8,12,6,2
8,12,7,1
8,12,8,2
8,12,10,1
8,12,11,1
8,12,18,1
8,12,19,1
8,12,21,1
8,13,2,1
8,13,3,1
8,13,6,1
8,13,7,1
8,13,9,2
8,13,10,1
8,13,11,1
8,13,12,1
8,13,15,1
8,14,6,1
8,14,9,1
8,14,10,1
8,14,11,2
8,14,13,1
8,14,14,2
8,14,17,1
8,14,19,2
8,14,22,1
8,15,3,1
8,15,8,1
8,15,10,1
8,15,12,1
8,15,13,1
8,15,20,1
8,16,6,1
8,16,7,1
8,16,8,1
8,16,11,2
8,16,12,1
8,16,13,1
8,16,15,3
8,16,17,1
8,17,1,1
8,17,7,1
8,17,11,1
8,17,12,1
8,17,13,1
8,17,15,1
8,17,17,1
8,18,9,1
8,18,11,1
8,18,14,1
8,18,16,1
8,18,22,1
8,19,12,1
8,19,14,2
8,19,19,1
8,19,20,1
8,20,6,1
8,20,8,1
8,20,15,2
8,20,19,1
8,20,20,1
8,22,3,1
8,22,22,1
9,1,3,1
9,2,1,1
9,2,3,1
9,2,9,1
9,3,3,2
9,3,19,1
9,4,2,1
9,4,4,2
9,4,8,1
9,4,11,1
9,4,14,1
9,5,2,1
9,5,4,4
9,5,5,1
9,5,7,1
9,5,8,1
9,5,20,1
9,6,2,1
9,6,3,1
9,6,4,1
9,6,5,2
9,6,6,1
9,6,19,1
9,6,23,1
9,7,5,2
9,7,6,1
9,7,7,2
9,7,8,2
9,7,9,1
9,7,10,1
9,7,18,1
9,8,2,1
9,8,5,3
9,8,6,1
9,8,7,2
9,8,12,1
9,8,17,1
9,8,21,1
9,9,2,1
9,9,7,1
9,9,8,1
9,9,9,2
9,9,11,1
9,9,13,1
9,9,18,1
9,9,22,1
9,10,7,1
9,10,8,1
9,10,11,1
9,10,14,1
9,11,3,1
9,11,5,1
9,11,6,1
9,12,9,1
9,12,13,1
9,13,11,1
9,13,18,1
9,13,19,1
9,14,9,1
9,15,17,1
9,16,14,1
9,16,15,1
9,17,13,1
9,17,17,1
9,17,18,1
9,17,20,1
9,18,10,1
9,18,13,1
9,18,16,1
9,18,17,1
9,18,18,1
9,19,16,2
9,19,18,1
9,19,19,3
9,20,15,1
9,20,16,1
9,20,17,1
9,20,18,2
10,2,7,1
10,3,3,1
10,5,2,1
10,6,2,1
10,6,10,1
10,7,4,1
10,7,10,1
10,8,9,1
10,8,11,1
10,8,19,1
10,9,11,1
10,10,6,1
10,10,12,1
10,10,21,1
10,11,4,1
10,11,20,1
10,12,7,1
10,12,12,1
10,13,6,1
10,13,7,1
10,13,8,1
10,13,9,2
10,13,14,1
10,14,11,1
10,15,13,1
10,16,7,1
10,16,11,1
10,16,15,1
10,16,23,1
10,17,15,2
10,17,20,1
10,18,10,1
10,18,16,2
10,18,17,1
10,19,4,1
10,19,7,1
10,19,14,1
10,19,17,2
10,19,18,2
10,19,19,3
10,19,20,1
10,19,24,1
10,20,9,1
10,20,10,1
10,20,12,1
10,20,14,1
10,20,15,1
10,20,16,1
10,20,17,2
10,20,18,3
10,20,19,2
10,20,20,1
10,20,21,1
10,20,23,1
10,21,14,1
10,21,15,2
10,21,16,3
10,21,18,3
10,21,20,3
10,21,21,2
10,21,22,1
10,21,24,2
10,22,14,1
10,22,18,1
10,22,19,1
10,22,21,2
10,22,22,1
10,22,23,1
10,23,15,1
10,23,18,1
10,23,19,1
10,24,17,1
10,24,24,1
13,1,1,8
13,1,2,3
13,1,3,1
13,1,4,1
13,1,5,1
13,1,13,1
13,1,19,1
13,2,1,3
13,2,2,3
13,2,3,2
13,2,5,1
13,2,7,1
13,2,9,1
13,3,2,5
13,3,3,6
13,3,4,3
13,3,6,1
13,3,17,1
13,3,21,1
13,3,22,1
13,4,2,1
13,4,3,2
13,4,4,7
13,4,5,5
13,4,6,3
13,4,7,2
13,4,8,3
13,4,9,1
13,4,13,1
13,4,15,1
13,5,3,3
13,5,4,3
13,5,5,2
13,5,6,2
13,5,7,1
13,5,10,2
13,5,11,1
13,5,12,1
13,5,17,1
13,5,21,1
13,6,3,1
13,6,4,2
13,6,5,5
13,6,6,6
13,6,9,3
13,6,10,3
13,6,14,1
13,6,15,2
13,6,16,1
13,6,20,1
13,6,21,1
13,7,5,2
13,7,6,5
13,7,7,2
13,7,8,4
13,7,9,2
13,7,10,1
13,7,15,1
13,7,17,1
13,7,19,2
13,7,22,1
13,8,3,1
13,8,4,1
13,8,6,1
13,8,7,3
13,8,8,1
13,8,10,1
13,8,11,1
13,8,12,1
13,8,14,1
13,8,19,1
13,8,20,2
13,8,22,1
13,9,3,1
13,9,6,2
13,9,7,3
13,9,9,1
13,9,13,4
13,9,15,1
13,9,16,1
13,9,18,1
13,9,19,2
13,9,20,1
13,10,2,1
13,10,5,1
13,10,6,1
13,10,7,1
13,10,9,3
13,10,10,3
13,10,11,3
13,10,13,1
13,10,14,1
13,10,22,1
13,11,4,3
13,11,5,1
13,11,6,3
13,11,8,2
13,11,9,4
13,11,12,1
13,11,14,1
13,11,15,1
13,12,7,1
13,12,9,2
13,12,10,1
13,12,11,1
13,12,13,1
13,12,14,1
13,12,15,2
13,12,16,1
13,12,21,1
13,13,7,1
13,13,8,2
13,13,12,2
13,13,13,1
13,13,14,1
13,13,16,1
13,13,18,1
13,13,19,1
13,14,5,1
13,14,6,1
13,14,7,1
13,14,9,2
13,14,10,3
13,14,13,1
13,14,14,1
13,14,17,1
13,15,4,1
13,15,6,1
13,15,9,1
13,15,18,1
13,15,19,1
13,15,21,1
13,15,22,1
13,16,5,1
13,16,7,1
13,16,8,2
13,16,9,2
13,16,10,1
13,16,12,1
13,16,13,2
13,16,15,1
13,16,17,1
13,17,9,2
13,17,11,2
13,17,15,1
13,18,8,1
13,18,10,2
13,18,11,1
13,18,18,1
13,19,9,1
13,20,18,1
13,20,19,1
13,21,5,1
13,21,7,1
13,21,9,1
13,21,21,1
13,22,6,1
13,24,8,1
15,1,1,1
15,1,3,1
15,1,7,1
15,1,9,1
15,2,2,2
15,2,4,1
15,2,5,2
15,2,6,1
15,2,8,1
15,2,9,1
15,2,15,1
15,2,16,1
15,2,22,1
15,3,2,1
15,3,4,3
15,3,15,1
15,3,16,2
15,3,19,1
15,4,3,3
15,4,6,3
15,4,7,1
15,4,8,1
15,4,9,2
15,4,11,1
15,4,18,1
15,4,19,2
15,4,20,1
15,5,3,1
15,5,4,2
15,5,5,4
15,5,6,1
15,5,8,2
15,5,10,1
15,5,17,1
15,5,18,2
15,5,21,1
15,5,22,3
15,6,4,1
15,6,7,2
15,6,8,2
15,6,9,1
15,6,10,1
15,6,11,2
15,6,15,3
15,6,17,2
15,6,18,1
15,6,19,1
15,6,20,3
15,6,21,1
15,7,4,2
15,7,5,3
15,7,6,2
15,7,7,1
15,7,8,1
15,7,9,1
15,7,10,1
15,7,12,1
15,7,13,1
15,7,14,1
15,7,15,1
15,7,16,1
15,7,17,2
15,7,19,1
15,7,20,1
15,7,21,1
15,8,4,1
15,8,5,2
15,8,6,1
15,8,7,2
15,8,8,3
15,8,9,2
15,8,10,2
15,8,11,1
15,8,12,1
15,8,13,3
15,8,15,2
15,8,16,2
15,8,21,1
15,9,5,1
15,9,6,2
15,9,7,3
15,9,9,1
15,9,10,2
15,9,11,1
15,9,12,3
15,9,14,1
15,9,16,1
15,9,17,1
15,9,18,1
15,9,20,1
15,9,21,2
15,10,2,1
15,10,4,1
15,10,6,1
15,10,11,1
15,10,13,3
15,10,17,1
15,11,4,2
15,11,6,1
15,11,7,1
15,11,8,1
15,11,14,2
15,11,16,2
15,12,4,1
15,12,5,1
15,12,7,2
15,12,9,1
15,12,12,1
15,12,13,1
15,12,14,1
15,12,15,1
15,12,16,1
15,12,19,1
15,12,20,1
15,12,22,1
15,13,6,1
15,13,7,1
15,13,8,2
15,13,13,1
15,13,19,1
15,14,6,1
15,14,7,1
15,14,9,1
15,14,12,3
15,14,15,2
15,14,16,2
15,14,17,1
15,14,21,2
15,15,12,1
15,15,13,1
15,15,19,1
15,16,9,1
15,16,10,2
15,16,11,1
15,16,13,2
15,16,14,2
15,16,18,1
15,17,9,1
15,17,12,1
15,17,13,1
15,17,19,1
15,17,21,1
15,17,23,1
15,18,9,1
15,18,13,3
15,18,14,1
15,18,15,1
15,18,17,3
15,18,18,3
15,18,19,1
15,18,22,2
15,19,13,1
15,19,14,1
15,19,15,1
15,19,18,2
15,19,19,2
15,19,21,2
15,19,24,2
15,20,3,1
15,20,4,1
15,20,5,1
15,20,7,1
15,20,13,1
15,20,15,1
15,20,16,1
15,20,17,2
15,20,18,2
15,20,19,1
15,20,20,2
15,20,21,1
15,20,22,2
15,20,24,1
15,21,16,1
15,21,23,2
15,22,4,1
15,22,11,1
16,2,4,1
16,3,18,1
16,4,5,1
16,6,7,1
16,6,13,1
16,7,15,1
16,8,5,2
16,8,6,2
16,8,9,1
16,8,10,1
16,8,13,1
16,8,14,1
16,8,20,1
16,9,8,2
16,9,10,1
16,9,18,1
16,10,9,1
16,10,11,2
16,10,12,1
16,10,18,1
16,11,7,1
16,11,8,1
16,11,9,1
16,11,11,4
16,11,15,1
16,11,16,1
16,11,22,1
16,12,7,1
16,12,8,1
16,12,9,1
16,12,10,1
16,12,13,1
16,12,19,1
16,13,6,1
16,13,9,1
16,13,11,1
16,13,13,3
16,13,16,2
16,13,21,1
16,13,23,1
16,14,7,1
16,14,14,1
16,14,15,1
16,14,16,2
16,14,20,1
16,14,21,2
16,14,22,1
16,15,7,1
16,15,9,1
16,15,10,1
16,15,13,2
16,15,14,1
16,15,17,1
16,15,18,2
16,15,19,1
16,16,9,2
16,16,13,2
16,16,17,1
16,16,20,1
16,16,22,1
16,17,10,1
16,17,11,1
16,17,13,1
16,17,16,1
16,17,17,1
16,17,18,1
16,17,19,2
16,18,13,1
16,18,15,1
16,18,17,1
16,18,18,2
16,18,19,1
16,19,14,1
16,19,15,1
16,19,16,2
16,19,17,3
16,19,18,1
16,19,19,1
16,19,20,2
16,19,21,1
16,20,8,1
16,20,13,1
16,20,15,1
16,20,16,1
16,20,17,2
16,20,18,1
16,20,19,4
16,20,20,1
16,20,21,2
16,21,14,1
16,21,15,1
16,21,17,2
16,21,19,2
16,21,21,1
16,21,22,1
16,22,12,1
16,22,14,1
16,22,16,1
16,22,22,1
17,1,1,4
17,1,2,5
17,1,3,3
17,1,4,1
17,2,1,5
17,2,2,2
17,2,3,5
17,2,4,1
17,2,6,2
17,2,8,1
17,2,9,2
17,2,10,1
17,2,20,2
17,2,21,1
17,2,23,1
17,2,24,1
17,3,2,5
17,3,3,2
17,3,4,4
17,3,5,3
17,3,6,1
17,3,7,1
17,3,8,1
17,3,9,1
17,3,20,2
17,3,23,1
17,4,2,3
17,4,3,3
17,4,4,2
17,4,6,2
17,4,7,2
17,4,15,1
17,4,16,1
17,4,17,1
17,4,19,1
17,4,20,1
17,5,2,1
17,5,3,2
17,5,4,2
17,5,6,2
17,5,8,1
17,5,16,1
17,5,20,3
17,6,3,1
17,6,4,2
17,6,5,1
17,6,6,1
17,6,7,3
17,6,8,1
17,6,9,1
17,6,11,1
17,6,18,1
17,6,19,1
17,6,21,1
17,7,4,1
17,7,5,3
17,7,6,1
17,7,7,2
17,7,8,1
17,7,10,1
17,7,11,1
17,7,13,1
17,7,17,1
17,7,18,1
17,7,20,2
17,8,5,1
17,8,8,1
17,8,9,1
17,8,12,1
17,8,13,1
17,8,17,1
17,8,19,1
17,9,4,2
17,9,6,1
17,9,7,1
17,9,8,1
17,9,9,3
17,9,10,1
17,9,12,1
17,9,13,1
17,9,17,1
17,10,4,1
17,10,6,1
17,10,7,1
17,10,10,2
17,10,12,1
17,10,18,1
17,10,20,1
17,11,6,2
17,11,7,2
17,11,8,1
17,11,9,2
17,11,10,2
17,11,11,3
17,11,13,1
17,11,14,1
17,11,16,1
17,11,18,1
17,11,20,1
17,11,21,1
17,11,22,1
17,12,6,1
17,12,7,1
17,12,9,3
17,12,12,1
17,12,17,1
17,12,19,1
17,12,22,1
17,13,8,1
17,13,18,1
17,13,21,1
17,14,5,1
17,14,7,1
17,14,8,2
17,14,12,2
17,14,14,1
17,14,15,1
17,14,17,2
17,14,18,1
17,14,19,1
17,16,7,1
17,16,12,1
17,16,14,1
17,16,16,1
17,17,7,1
17,17,22,1
17,18,3,1
17,18,5,1
17,18,8,1
17,18,11,1
17,18,19,1
17,19,4,1
17,19,10,2
17,19,11,1
17,19,16,2
17,19,17,1
17,19,20,2
17,19,21,1
17,20,11,2
17,20,15,1
17,20,20,1
17,20,21,1
17,21,11,1
17,21,12,1
17,21,15,1
17,21,19,1
17,22,20,1
18,1,1,5
18,1,2,1
18,1,10,1
18,1,13,1
18,2,1,4
18,2,2,2
18,2,3,4
18,2,4,1
18,2,5,2
18,2,7,1
18,2,14,1
18,2,23,1
18,3,1,1
18,3,2,3
18,3,3,2
18,3,4,4
18,3,5,2
18,3,6,1
18,3,8,1
18,3,9,1
18,3,19,1
18,4,1,2
18,4,2,5
18,4,3,1
18,4,4,4
18,4,5,3
18,4,6,3
18,4,7,1
18,4,8,1
18,4,13,1
18,4,18,1
18,5,1,1
18,5,2,1
18,5,3,5
18,5,4,3
18,5,5,4
18,5,7,1
18,5,9,1
18,5,20,2
18,5,22,1
18,6,2,2
18,6,3,3
18,6,4,1
18,6,5,2
18,6,6,4
18,6,8,1
18,6,11,1
18,6,12,1
18,6,17,1
18,6,18,1
18,6,21,1
18,7,1,1
18,7,3,1
18,7,4,4
18,7,6,1
18,7,10,1
18,7,12,1
18,7,15,1
18,7,17,2
18,7,22,1
18,8,3,1
18,8,4,2
18,8,5,4
18,8,6,1
18,8,7,3
18,8,9,2
18,8,10,1
18,8,11,2
18,8,16,1
18,8,22,1
18,8,23,1
18,9,4,2
18,9,5,1
18,9,6,3
18,9,7,2
18,9,8,2
18,9,9,1
18,9,10,1
18,9,18,2
18,9,21,2
18,10,3,1
18,10,5,1
18,10,6,3
18,10,8,4
18,10,9,4
18,10,10,1
18,10,11,1
18,10,13,1
18,10,14,1
18,10,16,1
18,10,17,1
18,10,19,1
18,11,5,2
18,11,6,1
18,11,8,3
18,11,10,2
18,11,11,2
18,11,12,1
18,11,14,1
18,11,16,1
18,11,18,1
18,11,20,1
18,11,21,1
18,11,24,1
18,12,5,1
18,12,6,1
18,12,7,1
18,12,8,2
18,12,9,2
18,12,10,1
18,12,11,1
18,12,12,5
18,12,13,1
18,12,14,2
18,12,15,1
18,12,16,1
18,12,18,2
18,12,19,1
18,12,20,1
18,12,22,1
18,13,2,1
18,13,3,1
18,13,5,1
18,13,6,1
18,13,7,2
18,13,9,2
18,13,10,1
18,13,11,2
18,13,12,2
18,13,15,1
18,13,17,1
18,14,1,1
18,14,3,1
18,14,4,2
18,14,5,1
18,14,8,3
18,14,10,1
18,14,12,3
18,14,15,1
18,14,16,2
18,14,17,2
18,14,20,2
18,14,21,1
18,15,10,1
18,15,12,1
18,15,14,1
18,15,15,1
18,15,16,1
18,15,20,1
18,16,4,1
18,16,9,1
18,16,10,1
18,16,11,1
18,16,13,1
18,16,14,2
18,16,18,1
18,16,19,1
18,16,20,1
18,16,21,1
18,17,5,1
18,17,7,1
18,17,8,2
18,17,11,1
18,17,12,1
18,17,13,2
18,17,14,1
18,17,15,2
18,17,16,2
18,17,17,2
18,17,18,1
18,17,19,1
18,17,21,1
18,18,5,2
18,18,10,1
18,18,11,1
18,18,14,1
18,18,15,1
18,18,16,1
18,18,19,1
18,18,20,1
18,19,9,1
18,19,11,1
18,19,14,1
18,19,15,1
18,19,19,1
18,20,8,1
18,20,10,1
18,20,11,1
18,20,13,1
18,20,14,1
18,20,17,1
18,20,18,2
18,20,19,1
18,20,20,2
18,21,11,1
18,21,12,2
18,21,13,1
18,21,15,1
18,22,18,1
20,1,1,31
20,1,2,8
20,1,3,5
20,1,4,4
20,1,6,1
20,1,7,1
20,1,8,1
20,1,17,2
20,1,18,2
20,1,21,1
20,1,24,1
20,2,1,16
20,2,2,9
20,2,3,3
20,2,4,6
20,2,5,4
20,2,6,1
20,2,7,1
20,2,17,2
20,2,19,1
20,2,20,1
20,3,1,6
20,3,2,8
20,3,3,11
20,3,4,7
20,3,5,3
20,3,7,1
20,3,13,1
20,3,18,2
20,3,21,2
20,3,22,1
20,4,2,7
20,4,3,3
20,4,4,2
20,4,5,1
20,4,6,2
20,4,13,1
20,4,15,1
20,4,18,1
20,4,20,2
20,5,3,2
20,5,4,2
20,5,5,2
20,5,6,1
20,5,11,1
20,5,22,2
20,6,2,1
20,6,3,4
20,6,4,4
20,6,5,3
20,6,6,1
20,6,9,1
20,6,16,1
20,7,4,1
20,7,5,2
20,7,6,1
20,7,8,1
20,7,20,1
20,8,3,1
20,8,5,1
20,8,6,2
20,8,12,1
20,8,19,3
20,9,3,1
20,9,4,3
20,9,6,1
20,9,8,2
20,9,20,1
20,9,21,1
20,10,2,1
20,10,5,1
20,10,6,1
20,10,8,1
20,10,10,1
20,10,13,1
20,10,20,2
20,11,2,1
20,11,3,1
20,11,5,1
20,11,7,1
20,11,9,1
20,11,10,1
20,11,11,1
20,11,12,1
20,11,13,1
20,11,17,1
20,11,20,1
20,12,9,1
20,12,12,1
20,12,18,1
20,12,21,1
20,13,3,1
20,13,12,1
20,13,13,1
20,13,14,1
20,13,15,1
20,13,18,1
20,14,10,1
20,14,12,2
20,14,13,2
20,14,17,1
20,15,4,3
20,15,10,1
20,15,13,1
20,15,18,1
20,16,18,1
20,16,21,1
20,17,4,1
20,17,20,1
20,18,5,1
20,18,7,1
20,18,19,1
20,18,22,1
20,19,5,1
20,19,8,2
20,19,22,1
20,20,2,1
20,20,4,1
20,20,15,1
20,20,16,1
20,22,5,1
20,24,3,1
22,1,1,5
22,1,2,2
22,1,3,2
22,1,8,1
22,1,11,1
22,1,15,1
22,1,19,1
22,1,20,1
22,2,1,1
22,2,2,9
22,2,3,4
22,2,6,1
22,2,13,1
22,2,17,1
22,2,20,3
22,3,1,1
22,3,2,5
22,3,3,6
22,3,4,3
22,3,6,1
22,3,10,1
22,3,13,1
22,3,14,1
22,3,15,1
22,3,18,1
22,3,19,2
22,4,1,2
22,4,2,3
22,4,3,2
22,4,4,5
22,4,5,4
22,4,6,2
22,4,7,1
22,4,15,1
22,4,17,1
22,5,1,1
22,5,2,2
22,5,3,2
22,5,4,3
22,5,5,3
22,5,6,1
22,5,7,4
22,5,9,2
22,5,12,1
22,5,14,1
22,5,15,3
22,5,16,1
22,5,17,1
22,5,18,3
22,5,19,1
22,6,2,2
22,6,3,5
22,6,4,3
22,6,5,2
22,6,6,1
22,6,7,2
22,6,10,1
22,6,12,1
22,6,14,1
22,6,15,1
22,6,16,1
22,6,18,1
22,6,20,1
22,6,21,1
22,7,2,3
22,7,3,1
22,7,4,1
22,7,8,3
22,7,9,1
22,7,10,2
22,7,12,4
22,7,16,1
22,7,18,1
22,7,22,1
22,7,24,1
22,8,3,2
22,8,4,1
22,8,5,3
22,8,6,1
22,8,7,3
22,8,8,1
22,8,11,1
22,8,12,3
22,8,15,1
22,8,16,1
22,8,21,1
22,9,2,1
22,9,4,1
22,9,5,2
22,9,6,3
22,9,7,1
22,9,10,1
22,9,11,2
22,9,13,1
22,9,15,1
22,9,18,1
22,9,19,1
22,9,20,1
22,10,2,1
22,10,3,1
22,10,5,1
22,10,7,1
22,10,8,1
22,10,9,1
22,10,10,1
22,10,14,1
22,10,15,1
22,10,17,1
22,10,18,1
22,10,19,1
22,10,20,1
22,10,22,1
22,10,26,1
22,11,2,1
22,11,4,1
22,11,9,2
22,11,10,2
22,11,11,1
22,11,12,1
22,11,13,1
22,11,14,2
22,11,15,1
22,11,16,2
22,11,18,1
22,11,19,1
22,11,20,1
22,11,21,1
22,12,5,2
22,12,6,1
22,12,10,5
22,12,11,2
22,12,12,1
22,12,13,1
22,12,14,3
22,12,20,1
22,12,21,2
22,12,23,1
22,13,5,1
22,13,6,1
22,13,8,2
22,13,10,1
22,13,11,3
22,13,12,3
22,13,14,1
22,13,15,1
22,13,17,2
22,13,19,1
22,13,20,1
22,13,21,1
22,14,4,1
22,14,6,1
22,14,7,1
22,14,9,1
22,14,10,2
22,14,11,1
22,14,13,1
22,14,15,1
22,14,16,1
22,14,17,1
22,14,19,1
22,14,20,1
22,14,22,1
22,14,23,1
22,14,24,1
22,15,3,1
22,15,10,2
22,15,13,5
22,15,14,1
22,15,15,2
22,15,19,2
22,15,20,1
22,15,21,1
22,15,22,1
22,16,3,1
22,16,4,1
22,16,7,1
22,16,9,3
22,16,11,1
22,16,13,1
22,16,15,1
22,16,17,2
22,16,19,2
22,16,26,1
22,17,9,1
22,17,10,1
22,17,12,1
22,17,13,2
22,17,16,2
22,17,18,2
22,17,22,1
22,18,1,1
22,18,12,1
22,18,18,2
22,18,19,1
22,19,16,1
22,19,17,1
22,19,25,1
22,20,3,1
22,20,9,1
22,20,10,1
22,20,14,1
22,22,11,1
22,22,17,1
22,22,19,1
22,24,12,1
24,5,9,1
24,7,17,1
24,10,9,1
24,10,20,1
24,11,6,1
24,11,18,1
24,12,9,1
24,12,10,2
24,12,14,1
24,12,15,1
24,12,16,1
24,12,22,1
24,13,7,1
24,13,10,1
24,13,11,1
24,13,12,1
24,13,13,1
24,14,9,2
24,14,13,1
24,14,16,1
24,14,22,1
24,15,8,1
24,15,11,1
24,15,13,2
24,15,14,1
24,15,15,2
24,16,10,1
24,16,13,1
24,16,14,1
24,16,15,2
24,16,16,1
24,16,17,2
24,16,19,1
24,16,24,3
24,17,6,1
24,17,14,1
24,17,16,1
24,17,22,1
24,17,23,1
24,18,13,1
24,18,14,1
24,18,20,2
24,18,23,1
24,19,12,1
24,19,14,2
24,19,17,2
24,19,22,1
24,20,8,1
24,20,11,1
24,20,12,1
24,20,13,1
24,20,22,1
24,21,16,1
24,21,20,1
24,21,21,1
24,21,24,1
24,22,13,1
24,22,19,1
24,22,20,1
24,22,23,1
24,23,16,1
24,23,18,2
24,23,21,2
24,23,22,1
24,24,20,1
24,24,23,1
24,24,24,1
30,1,1,40
30,1,2,15
30,1,3,1
30,1,4,2
30,1,5,2
30,1,9,1
30,1,12,1
30,1,14,1
30,1,15,1
30,1,16,1
30,1,17,1
30,1,22,1
30,1,26,1
30,2,1,27
30,2,2,5
30,2,3,1
30,2,5,2
30,2,12,1
30,2,14,2
30,2,16,1
30,2,17,2
30,2,18,1
30,2,20,3
30,2,21,1
30,2,22,1
30,2,24,1
30,3,1,17
30,3,2,16
30,3,3,5
30,3,4,2
30,3,6,1
30,3,7,2
30,3,8,1
30,3,10,1
30,3,11,1
30,3,12,2
30,3,15,1
30,3,17,1
30,3,18,1
30,3,20,2
30,4,1,1
30,4,2,3
30,4,3,7
30,4,4,1
30,4,6,1
30,4,10,2
30,4,11,2
30,4,12,1
30,4,13,1
30,4,15,1
30,4,18,1
30,4,19,2
30,4,20,2
30,4,21,1
30,4,22,1
30,5,1,1
30,5,2,3
30,5,3,3
30,5,4,2
30,5,5,1
30,5,6,1
30,5,7,1
30,5,16,2
30,5,18,1
30,5,20,1
30,5,22,1
30,5,23,2
30,6,1,3
30,6,3,2
30,6,4,3
30,6,5,1
30,6,7,1
30,6,10,1
30,6,18,1
30,6,19,1
30,6,20,1
30,6,22,1
30,7,1,1
30,7,3,1
30,7,4,2
30,7,5,1
30,7,6,1
30,7,10,1
30,7,12,1
30,7,14,1
30,7,26,1
30,8,4,1
30,8,5,1
30,8,6,1
30,8,7,3
30,8,8,1
30,8,12,1
30,8,15,1
30,8,17,1
30,8,21,1
30,8,23,2
30,8,24,1
30,9,4,1
30,9,5,1
30,9,6,3
30,9,10,1
30,9,13,1
30,9,14,1
30,9,21,1
30,9,22,2
30,10,4,1
30,10,5,1
30,10,6,3
30,10,8,1
30,10,9,1
30,10,13,1
30,10,15,1
30,10,17,1
30,11,5,1
30,11,8,1
30,11,9,2
30,11,19,1
30,12,3,1
30,12,9,1
30,12,24,1
30,13,2,1
30,13,7,3
30,13,9,1
30,13,11,2
30,14,6,1
30,14,7,1
30,14,8,2
30,14,11,1
30,14,22,1
30,15,15,1
30,16,1,1
30,17,24,1
30,18,7,1
30,19,17,1
30,19,18,1
30,20,12,1
30,21,7,1
30,22,5,1
30,22,10,1
30,23,11,1
30,24,5,1
35,1,1,5
35,1,2,2
35,1,3,1
35,1,5,1
35,1,13,1
35,1,14,1
35,1,16,1
35,1,19,1
35,2,1,5
35,2,2,1
35,2,3,1
35,2,7,1
35,2,15,1
35,2,19,1
35,3,1,1
35,3,2,1
35,3,3,1
35,3,7,1
35,3,11,1
35,3,15,1
35,3,17,1
35,4,4,1
35,4,5,2
35,4,13,1
35,4,14,1
35,5,4,1
35,6,2,1
35,6,3,2
35,6,4,1
35,6,5,1
35,6,6,1
35,6,8,1
35,6,9,1
35,6,10,1
35,6,12,1
35,6,13,1
35,6,14,1
35,6,15,1
35,6,19,1
35,7,3,1
35,7,4,2
35,7,6,1
35,7,7,1
35,7,16,1
35,7,17,1
35,7,20,1
35,8,4,2
35,8,9,1
35,8,10,1
35,8,12,1
35,8,17,1
35,8,19,1
35,9,4,2
35,9,5,1
35,9,6,1
35,9,8,3
35,9,9,1
35,9,10,2
35,9,11,1
35,9,14,2
35,9,15,2
35,9,18,1
35,9,19,1
35,9,20,1
35,9,22,1
35,10,6,2
35,10,7,3
35,10,8,3
35,10,9,1
35,10,12,1
35,10,14,1
35,10,16,1
35,10,17,1
35,10,21,1
35,11,4,1
35,11,6,1
35,11,8,1
35,11,9,2
35,11,14,1
35,11,15,1
35,11,16,2
35,11,17,2
35,11,19,1
35,11,20,1
35,12,3,1
35,12,7,1
35,12,8,3
35,12,9,1
35,12,11,2
35,12,12,3
35,12,14,1
35,12,15,1
35,12,16,1
35,12,20,1
35,12,21,1
35,13,5,1
35,13,6,1
35,13,8,1
35,13,9,1
35,13,10,2
35,13,15,1
35,13,16,1
35,13,20,1
35,14,6,1
35,14,10,1
35,14,14,1
35,14,15,1
35,14,18,1
35,14,19,1
35,14,21,1
35,15,6,1
35,15,7,1
35,15,10,1
35,15,11,1
35,15,13,1
35,15,16,1
35,16,10,1
35,16,11,2
35,16,12,1
35,16,14,1
35,16,17,1
35,16,20,1
35,17,7,1
35,17,10,1
35,17,17,1
35,18,16,1
35,19,6,1
35,19,12,1
35,20,12,1
35,21,11,1
35,22,12,1
37,4,2,1
37,5,6,1
37,7,5,1
37,7,20,1
37,8,5,1
37,8,7,1
37,8,18,1
37,9,7,1
37,9,17,1
37,9,18,1
37,9,22,2
37,10,5,1
37,10,17,1
37,10,21,1
37,11,5,1
37,11,8,1
37,11,14,1
37,12,6,1
37,12,8,1
37,12,17,1
37,12,20,1
37,12,22,1
37,12,24,1
37,13,11,3
37,13,12,2
37,13,16,1
37,13,17,1
37,14,6,1
37,14,12,1
37,14,13,1
37,14,14,2
37,14,18,2
37,14,20,1
37,15,9,1
37,15,13,1
37,15,16,1
37,15,22,1
37,16,8,2
37,16,10,1
37,16,12,2
37,16,14,1
37,16,16,1
37,16,18,1
37,16,19,1
37,16,20,1
37,16,22,1
37,17,10,3
37,17,12,2
37,17,20,2
37,17,22,1
37,18,6,1
37,18,16,1
37,18,19,1
37,19,11,1
37,19,21,1
37,19,22,1
37,20,8,1
37,20,12,1
37,20,14,1
37,20,15,1
37,20,16,1
37,20,18,1
37,20,20,1
37,20,21,3
37,20,22,1
37,20,23,1
37,21,11,2
37,21,13,1
37,21,14,1
37,21,17,1
37,21,18,2
37,21,19,1
37,21,20,1
37,22,12,1
37,22,16,1
37,22,17,2
37,22,19,1
37,22,21,3
37,22,22,1
37,22,23,1
37,23,18,1
37,23,21,2
37,23,22,1
37,24,11,1
37,24,17,2
39,11,15,1
39,12,15,1
39,13,13,1
39,15,15,1
39,15,18,1
39,16,12,1
39,17,11,1
39,17,15,1
39,17,18,1
39,17,19,2
39,17,20,1
39,18,12,1
39,18,14,1
39,19,4,1
39,19,16,2
39,19,20,1
39,20,11,1
39,21,19,1
39,22,14,1
39,22,15,1
39,22,17,1
39,22,18,1
39,22,21,3
39,23,18,1
39,23,20,1
39,23,21,2
39,23,22,3
39,23,23,1
39,24,17,1
39,24,19,1
39,24,21,2
39,24,22,1
39,24,23,4
39,24,24,2
57,1,1,10
57,1,2,3
57,1,3,3
57,1,6,1
57,1,12,1
57,1,13,1
57,1,14,1
57,1,15,1
57,1,16,2
57,1,17,1
57,1,18,2
57,2,1,5
57,2,2,1
57,2,4,2
57,2,9,1
57,2,17,1
57,2,18,1
57,2,21,2
57,3,1,3
57,3,2,5
57,3,3,2
57,3,4,1
57,3,5,1
57,3,12,1
57,3,13,1
57,3,17,1
57,3,19,3
57,3,22,2
57,3,24,1
57,4,1,1
57,4,2,2
57,4,3,4
57,4,4,3
57,4,6,1
57,4,12,1
57,4,18,1
57,4,20,1
57,4,21,1
57,4,22,1
57,5,1,1
57,5,3,2
57,5,4,1
57,5,5,2
57,5,6,1
57,5,7,1
57,5,9,1
57,5,16,1
57,5,18,1
57,5,23,1
57,5,24,1
57,6,3,2
57,6,5,3
57,6,6,1
57,6,24,1
57,7,2,1
57,7,3,1
57,7,4,4
57,7,5,1
57,7,10,1
57,7,17,3
57,7,18,1
57,7,24,1
57,8,2,1
57,8,3,2
57,8,6,3
57,8,7,2
57,8,18,1
57,8,19,1
57,8,20,1
57,8,21,2
57,8,22,1
57,9,3,1
57,9,6,1
57,9,8,2
57,9,13,1
57,9,18,1
57,9,20,1
57,10,5,1
57,10,7,1
57,10,19,1
57,10,20,1
57,11,4,1
57,11,8,1
57,11,24,1
57,13,13,1
57,13,19,1
57,13,21,1
57,14,2,1
57,14,15,1
57,16,4,1
57,17,5,1
57,18,6,1
57,21,9,1
57,21,15,1
57,21,21,1
57,21,23,1
57,22,9,1
57,23,21,1
57,24,9,1
57,24,10,1
57,24,14,1
57,24,18,1
57,24,20,1
57,24,24,1
57,25,5,1
57,25,12,1
57,25,13,1
57,25,14,1
57,25,19,1
57,26,14,1
67,6,7,1
67,9,14,1
67,9,21,1
67,10,8,3
67,10,16,1
67,11,9,1
67,11,14,1
67,11,20,1
67,11,23,1
67,12,13,1
67,12,21,1
67,13,7,1
67,13,9,1
67,13,10,1
67,13,11,1
67,13,14,1
67,13,16,1
67,13,19,1
67,13,21,1
67,13,22,1
67,14,11,1
67,14,12,2
67,14,16,1
67,14,20,1
67,15,8,1
67,15,10,1
67,15,12,1
67,15,16,1
67,15,18,1
67,15,19,1
67,15,24,1
67,16,9,1
67,16,10,2
67,16,12,3
67,16,17,1
67,16,20,1
67,16,24,1
67,17,13,1
67,17,16,1
67,18,10,1
67,18,15,2
67,19,13,2
67,19,18,1
67,19,21,1
67,20,16,1
67,23,8,1
67,24,15,1
71,1,1,7
71,1,2,5
71,1,3,1
71,1,4,1
71,1,13,1
71,1,15,2
71,1,16,2
71,1,22,1
71,2,1,11
71,2,2,5
71,2,3,3
71,2,5,1
71,2,11,1
71,2,14,1
71,2,15,1
71,2,16,2
71,2,18,1
71,2,19,1
71,3,1,3
71,3,2,1
71,3,3,1
71,3,8,1
71,3,18,1
71,3,19,1
71,4,1,1
71,4,2,3
71,4,4,1
71,4,6,2
71,4,13,1
71,4,17,1
71,4,19,1
71,4,21,1
71,4,22,1
71,5,4,2
71,6,4,1
71,6,5,1
71,6,6,1
71,7,7,1
71,7,10,1
71,7,20,1
71,7,21,2
71,7,22,1
71,8,2,1
71,8,4,2
71,8,17,2
71,9,8,1
71,9,10,1
71,9,13,1
71,9,17,1
71,9,20,1
71,9,21,1
71,10,8,1
71,10,9,1
71,10,12,1
71,11,7,1
71,11,8,1
71,11,12,1
71,12,6,1
71,12,19,1
71,13,8,2
71,13,16,1
71,13,21,1
71,14,6,1
71,14,15,1
71,14,17,1
71,15,7,1
71,15,8,1
71,15,9,1
71,15,19,1
71,15,21,1
71,17,11,1
71,17,12,1
71,17,22,1
71,18,13,1
71,20,22,1
71,25,11,1
71,26,16,1
95,1,1,17
95,1,2,2
95,1,5,1
95,1,6,2
95,1,12,2
95,1,13,1
95,1,14,2
95,1,15,1
95,1,16,1
95,1,18,1
95,1,20,1
95,1,21,1
95,2,1,9
95,2,2,2
95,2,3,1
95,2,4,1
95,2,5,1
95,2,6,1
95,2,7,1
95,2,13,1
95,2,14,1
95,2,15,1
95,2,16,1
95,2,19,1
95,2,20,1
95,2,24,1
95,2,25,1
95,3,1,1
95,3,2,9
95,3,3,2
95,3,5,2
95,3,11,1
95,3,13,1
95,3,14,4
95,3,17,2
95,3,18,2
95,3,19,2
95,3,20,2
95,3,22,1
95,3,23,1
95,3,25,1
95,4,1,1
95,4,2,1
95,4,3,1
95,4,4,2
95,4,14,1
95,4,18,1
95,4,19,2
95,4,20,1
95,4,25,1
95,5,1,1
95,5,2,1
95,5,4,1
95,5,14,1
95,5,15,2
95,5,17,2
95,5,19,1
95,5,21,2
95,5,22,2
95,5,23,1
95,6,1,1
95,6,3,3
95,6,12,1
95,6,14,1
95,6,19,1
95,6,20,1
95,7,2,1
95,7,3,1
95,7,5,1
95,7,6,2
95,7,9,1
95,7,13,2
95,7,14,1
95,7,18,1
95,7,19,1
95,7,22,1
95,8,14,1
95,8,15,1
95,8,17,1
95,8,22,1
95,8,26,1
95,9,4,1
95,9,5,1
95,9,10,1
95,9,20,1
95,9,21,1
95,10,3,1
95,10,6,1
95,10,23,1
95,10,24,1
95,11,2,1
95,11,4,1
95,11,6,1
95,11,8,1
95,11,21,1
95,11,22,1
95,11,23,1
95,12,1,1
95,12,3,1
95,12,14,1
95,12,16,1
95,13,7,1
95,13,11,1
95,13,12,1
95,14,3,1
95,14,6,1
95,14,20,2
95,14,23,1
95,15,12,1
95,15,22,2
95,16,4,1
95,16,6,1
95,16,21,1
95,17,7,1
95,17,17,1
95,17,22,1
95,17,25,1
95,18,4,1
95,18,9,1
95,18,15,1
95,18,23,1
95,18,25,2
95,19,16,1
95,21,23,1
95,22,11,1
95,23,7,1
95,23,18,1
95,24,17,1
95,26,8,1
102,1,1,29
102,1,2,7
102,1,3,3
102,1,4,2
102,1,7,1
102,1,9,1
102,1,10,1
102,1,11,3
102,1,13,3
102,1,14,1
102,1,15,3
102,1,16,1
102,1,17,2
102,1,18,1
102,1,21,1
102,1,22,3
102,1,23,1
102,1,24,1
102,1,25,1
102,2,1,5
102,2,2,4
102,2,3,3
102,2,4,1
102,2,5,2
102,2,6,1
102,2,7,2
102,2,16,1
102,2,18,1
102,2,21,1
102,2,26,1
102,3,1,5
102,3,2,5
102,3,3,8
102,3,4,1
102,3,5,1
102,3,9,1
102,3,14,1
102,3,15,1
102,3,16,1
102,3,18,1
102,3,19,2
102,3,20,1
102,3,23,2
102,3,26,1
102,4,1,1
102,4,2,3
102,4,3,1
102,4,4,1
102,4,5,1
102,4,10,2
102,4,12,2
102,4,15,1
102,4,21,1
102,4,24,2
102,5,1,1
102,5,4,2
102,5,5,1
102,5,7,1
102,5,17,1
102,5,27,1
102,6,2,1
102,6,14,1
102,6,22,1
102,7,2,1
102,7,3,1
102,7,5,1
102,7,10,1
102,7,19,1
102,8,18,1
102,8,19,1
102,9,7,1
102,9,25,1
102,10,14,1
102,12,23,1
102,13,2,1
102,13,6,1
102,13,19,1
102,13,23,1
102,14,2,1
102,16,26,1
102,19,6,1
117,1,1,18
117,1,2,3
117,1,3,4
117,1,4,2
117,1,12,3
117,1,13,1
117,1,16,1
117,1,21,1
117,2,1,11
117,2,2,15
117,2,3,4
117,2,4,1
117,2,5,2
117,2,6,2
117,2,7,1
117,2,11,1
117,2,12,1
117,2,13,2
117,2,14,1
117,2,15,1
117,2,16,3
117,2,18,1
117,2,19,1
117,2,20,2
117,2,24,2
117,2,25,2
117,3,1,6
117,3,2,4
117,3,3,1
117,3,4,1
117,3,5,1
117,3,6,1
117,3,7,1
117,3,8,1
117,3,16,1
117,3,20,1
117,3,24,1
117,3,26,1
117,4,1,5
117,4,2,4
117,4,3,4
117,4,4,1
117,4,7,1
117,4,9,1
117,4,12,1
117,4,14,1
117,4,17,2
117,4,18,1
117,4,19,1
117,4,21,1
117,4,22,1
117,4,23,1
117,4,26,1
117,5,1,7
117,5,2,4
117,5,3,4
117,5,4,2
117,5,7,1
117,5,14,1
117,5,15,1
117,5,17,1
117,5,18,2
117,5,19,1
117,5,21,1
117,5,22,1
117,5,26,1
117,6,1,3
117,6,2,2
117,6,3,1
117,6,4,3
117,6,11,1
117,7,2,2
117,7,3,1
117,7,5,1
117,7,6,1
117,7,10,1
117,7,21,1
117,7,22,2
117,8,2,1
117,8,6,1
117,8,11,1
117,8,21,1
117,8,24,1
117,9,3,1
117,9,6,1
117,9,12,1
117,9,13,1
117,10,19,1
117,12,6,1
117,12,7,1
117,12,13,1
117,12,22,1
117,13,1,1
117,13,5,1
117,13,8,1
117,13,25,1
117,14,11,1
117,14,23,1
117,18,6,1
117,19,18,1
117,24,7,1
137,1,1,5
137,1,2,4
137,1,3,1
137,1,4,1
137,1,5,1
137,1,6,1
137,1,7,1
137,1,8,2
137,1,11,1
137,1,12,1
137,1,14,1
137,1,16,2
137,1,17,1
137,1,19,1
137,1,21,1
137,2,1,2
137,2,2,3
137,2,3,1
137,2,4,3
137,2,8,1
137,2,13,1
137,2,14,1
137,2,16,1
137,2,17,2
137,2,20,2
137,2,24,2
137,2,25,1
137,3,1,1
137,3,2,5
137,3,3,3
137,3,4,1
137,3,5,1
137,3,11,1
137,3,15,1
137,3,16,1
137,3,18,1
137,3,19,1
137,3,22,1
137,3,23,1
137,3,24,1
137,4,1,5
137,4,2,3
137,4,3,5
137,4,4,1
137,4,5,1
137,4,11,1
137,4,12,1
137,4,13,1
137,4,17,2
137,4,21,1
137,4,26,1
137,5,1,5
137,5,2,2
137,5,3,3
137,5,4,1
137,5,14,1
137,5,15,1
137,5,18,1
137,5,21,1
137,5,26,1
137,6,1,3
137,6,2,3
137,6,3,2
137,6,4,4
137,6,5,1
137,6,6,1
137,6,16,1
137,6,18,2
137,6,19,1
137,7,1,1
137,7,3,1
137,7,5,4
137,7,8,2
137,7,11,1
137,7,13,1
137,7,15,2
137,7,16,1
137,7,17,1
137,7,24,1
137,7,25,1
137,8,1,1
137,8,4,1
137,8,5,5
137,8,6,2
137,8,15,1
137,8,17,3
137,8,18,1
137,8,24,1
137,8,25,1
137,9,3,1
137,9,4,2
137,9,7,1
137,9,8,2
137,9,9,1
137,9,14,1
137,9,19,1
137,9,20,1
137,9,21,1
137,9,23,1
137,9,25,1
137,10,4,1
137,10,6,1
137,10,7,1
137,10,11,1
137,10,26,1
137,11,4,2
137,11,5,2
137,11,7,1
137,11,19,1
137,11,22,1
137,11,24,1
137,12,7,1
137,12,8,1
137,12,16,1
137,12,20,1
137,13,6,1
137,13,8,1
137,13,13,1
137,13,14,1
137,14,11,1
137,14,24,1
137,16,15,1
137,17,6,1
137,18,7,1
137,18,12,1
137,19,4,1
137,19,21,1
137,20,8,1
137,20,15,1
137,20,20,1
137,20,23,1
137,20,24,1
137,21,16,1
137,22,12,1
137,22,22,1
137,24,9,1
137,25,22,1
137,26,11,1
153,6,24,1
153,7,24,1
153,10,8,1
153,11,7,1
153,11,12,1
153,11,13,1
153,12,11,1
153,12,13,1
153,12,14,1
153,12,18,1
153,13,11,1
153,13,14,1
153,13,16,1
153,14,9,1
153,14,11,1
153,14,20,1
153,15,10,1
153,15,11,1
153,15,15,3
153,16,10,1
153,16,11,1
153,16,12,3
153,16,15,2
153,16,21,1
153,17,9,1
153,17,11,2
153,17,13,1
153,17,16,1
153,17,20,1
153,17,21,1
153,17,24,1
153,18,7,1
153,18,8,1
153,18,10,1
153,18,13,1
153,19,15,1
153,19,16,1
153,19,20,1
153,20,18,1
153,24,8,1
154,2,3,1
154,3,2,1
154,3,3,1
154,3,4,1
154,3,6,1
154,3,21,2
154,4,3,1
154,4,19,1
154,4,20,1
154,4,24,1
154,5,3,1
154,5,4,1
154,5,7,1
154,5,8,2
154,5,10,1
154,6,4,1
154,6,6,2
154,6,7,1
154,6,9,1
154,6,16,1
154,6,18,1
154,6,20,2
154,6,22,2
154,6,24,1
154,7,2,1
154,7,3,1
154,7,7,1
154,7,8,1
154,7,9,1
154,7,10,1
154,7,11,1
154,7,13,1
154,7,19,1
154,7,22,1
154,8,7,4
154,8,8,2
154,8,10,1
154,8,14,1
154,8,15,1
154,8,16,1
154,8,17,2
154,8,19,1
154,8,20,1
154,8,24,1
154,9,3,1
154,9,5,1
154,9,6,1
154,9,8,1
154,9,11,1
154,9,13,1
154,9,15,1
154,9,19,1
154,9,20,1
154,10,6,1
154,10,7,2
154,10,10,1
154,10,11,3
154,10,13,3
154,10,17,1
154,10,18,2
154,10,21,1
154,11,3,1
154,11,6,1
154,11,7,1
154,11,8,1
154,11,9,1
154,11,12,1
154,11,13,2
154,11,14,1
154,11,15,1
154,11,16,1
154,11,20,1
154,12,10,1
154,12,14,1
154,12,15,1
154,12,17,1
154,12,21,1
154,13,7,1
154,13,8,1
154,13,9,1
154,13,10,1
154,13,13,1
154,13,16,2
154,13,17,1
154,13,20,1
154,14,8,2
154,14,10,2
154,14,11,1
154,14,14,2
154,14,15,2
154,14,17,1
154,14,18,2
154,14,19,3
154,14,21,2
154,15,8,1
154,15,9,1
154,15,11,1
154,15,12,2
154,15,13,1
154,15,15,3
154,15,16,1
154,15,17,1
154,15,20,1
154,16,9,1
154,16,11,2
154,16,12,2
154,16,13,4
154,16,14,1
154,16,15,1
154,16,17,1
154,16,20,1
154,17,3,1
154,17,10,1
154,17,11,2
154,17,15,1
154,17,16,3
154,17,18,1
154,17,19,1
154,18,9,1
154,18,13,1
154,18,15,1
154,18,16,1
154,18,17,2
154,18,20,1
154,18,21,1
154,19,6,1
154,19,11,1
154,19,18,3
154,19,19,1
154,19,20,1
154,20,12,1
154,20,13,1
154,20,15,2
154,20,22,1
154,22,13,1
154,22,14,1
154,22,15,1
154,22,20,1
155,2,13,1
155,3,3,1
155,3,10,1
155,7,13,1
155,7,22,1
155,8,9,1
155,8,22,1
155,9,5,1
155,9,21,1
155,9,22,1
155,10,7,1
155,10,10,1
155,10,12,1
155,10,21,1
155,11,9,1
155,11,10,1
155,11,21,1
155,12,4,1
155,12,5,1
155,12,6,2
155,12,8,1
155,12,10,1
155,12,11,1
155,12,12,1
155,12,13,1
155,12,14,1
155,13,6,1
155,13,7,1
155,13,10,1
155,13,11,1
155,13,22,1
155,13,24,1
155,14,7,1
155,14,9,1
155,14,10,1
155,14,15,1
155,14,16,1
155,14,21,1
155,15,6,1
155,15,18,1
155,15,22,1
155,16,9,1
155,16,10,1
155,16,14,1
155,16,18,1
155,16,19,1
155,16,22,1
155,16,23,1
155,17,8,1
155,17,9,1
155,17,11,1
155,17,13,1
155,17,14,2
155,17,18,2
155,17,23,1
155,17,24,1
155,18,7,1
155,18,15,1
155,18,17,1
155,18,18,1
155,18,24,1
155,19,16,2
155,19,19,1
155,19,20,1
155,20,13,2
155,20,21,1
155,20,22,1
155,21,18,1
155,22,15,1
155,23,9,1
155,24,10,1
177,1,2,1
177,1,5,1
177,1,14,1
177,1,15,1
177,1,18,1
177,2,14,1
177,2,17,1
177,2,18,2
177,2,21,1
177,3,1,1
177,3,2,2
177,3,4,2
177,3,9,1
177,3,12,1
177,3,19,1
177,3,23,1
177,3,24,1
177,4,3,1
177,4,6,1
177,4,12,1
177,4,22,2
177,4,25,1
177,5,1,2
177,5,4,1
177,5,15,1
177,5,22,1
177,5,23,1
177,6,2,1
177,6,4,1
177,6,5,3
177,6,9,1
177,6,11,1
177,6,20,1
177,7,3,1
177,7,4,1
177,7,5,1
177,7,8,3
177,7,13,1
177,7,14,1
177,7,19,1
177,7,23,1
177,8,1,2
177,8,2,1
177,8,4,2
177,8,11,1
177,8,21,1
177,8,22,1
177,8,23,1
177,9,2,2
177,9,3,1
177,9,4,1
177,9,5,1
177,9,22,1
177,9,23,1
177,10,4,2
177,10,5,1
177,11,4,1
177,11,5,1
177,11,16,1
177,11,20,1
177,11,21,1
177,12,2,1
177,12,9,1
177,12,10,1
177,12,17,1
177,13,3,1
177,13,11,1
177,14,10,1
177,14,13,1
177,14,17,1
177,15,8,1
177,15,9,1
177,15,12,1
177,15,21,2
177,15,24,1
177,16,5,1
177,16,9,1
177,16,11,1
177,16,15,1
177,16,20,1
177,17,15,1
177,17,22,1
177,19,10,1
177,19,20,2
177,20,10,1
177,21,7,1
177,21,8,1
177,21,13,1
177,22,11,1
177,22,12,1
177,23,15,2
177,23,16,1
177,23,17,1
177,23,19,1
177,24,20,1
177,24,23,1
177,25,11,1
177,26,16,1
178,1,1,2
178,1,2,1
178,1,3,1
178,1,12,1
178,1,18,1
178,2,1,6
178,2,7,1
178,3,1,1
178,3,2,3
178,3,4,1
178,3,16,1
178,3,19,1
178,4,1,1
178,4,3,1
178,4,9,1
178,4,11,2
178,4,14,1
178,5,1,1
178,5,2,1
178,5,9,1
178,5,14,1
178,6,2,1
178,6,4,1
178,6,13,1
178,6,15,1
178,6,18,1
178,6,22,1
178,7,2,1
178,7,4,2
178,7,21,1
178,8,7,1
178,8,11,1
178,8,12,1
178,8,19,1
178,9,11,1
178,9,17,1
178,9,18,1
178,10,3,2
178,10,12,1
178,10,16,1
178,10,17,1
178,11,6,1
178,11,10,1
178,11,17,1
178,11,21,1
178,12,4,1
178,12,7,1
178,12,14,1
178,13,10,1
178,13,16,1
178,13,17,2
178,13,23,1
178,13,26,1
178,14,1,1
178,14,5,1
178,14,10,1
178,14,15,1
178,14,16,1
178,14,20,2
178,15,9,1
178,15,19,2
178,15,20,1
178,15,23,1
178,16,3,1
178,16,4,1
178,16,5,1
178,16,8,1
178,16,11,1
178,17,5,1
178,17,13,1
178,17,23,1
178,17,24,2
178,18,4,1
178,18,6,1
178,18,8,2
178,18,12,2
178,18,13,1
178,18,20,2
178,18,21,1
178,19,5,1
178,19,9,1
178,19,11,2
178,19,16,1
178,19,19,1
178,19,21,1
178,19,24,1
178,20,4,1
178,20,9,1
178,20,16,2
178,20,21,1
178,20,26,1
178,21,5,1
178,21,17,1
178,21,19,1
178,22,22,1
178,25,22,1
178,28,10,1
182,1,1,9
182,1,2,4
182,1,3,2
182,1,5,1
182,1,6,1
182,1,12,1
182,1,13,1
182,1,16,1
182,1,18,1
182,1,23,1
182,1,25,2
182,2,1,3
182,2,2,1
182,2,18,1
182,2,24,1
182,2,25,1
182,3,1,4
182,3,2,3
182,3,3,1
182,3,8,1
182,3,13,2
182,3,17,1
182,3,20,1
182,3,22,1
182,3,23,2
182,3,25,1
182,4,1,4
182,4,2,2
182,4,3,1
182,4,5,2
182,4,6,2
182,4,10,1
182,4,11,1
182,4,14,1
182,4,17,1
182,4,18,1
182,5,1,2
182,5,2,2
182,5,3,2
182,5,4,2
182,5,9,1
182,5,17,1
182,5,18,1
182,5,19,1
182,5,20,1
182,5,21,1
182,6,2,2
182,6,8,1
182,6,13,1
182,6,15,1
182,6,17,1
182,6,19,1
182,6,22,2
182,6,24,1
182,7,2,1
182,7,4,1
182,7,11,1
182,7,16,1
182,7,20,1
182,8,1,1
182,8,2,2
182,8,4,1
182,8,10,1
182,8,11,1
182,8,21,1
182,9,1,1
182,9,2,1
182,9,4,1
182,9,5,1
182,9,8,1
182,9,12,1
182,9,18,1
182,9,20,1
182,10,1,1
182,10,3,1
182,10,5,1
182,10,12,1
182,10,13,1
182,10,14,1
182,10,18,1
182,10,19,1
182,11,2,2
182,11,13,1
182,11,17,1
182,11,19,1
182,11,23,1
182,12,5,1
182,12,11,1
182,12,12,1
182,12,17,1
182,12,21,1
182,12,22,1
182,13,3,1
182,13,4,1
182,13,8,1
182,13,15,2
182,13,17,1
182,13,20,1
182,13,24,1
182,14,5,1
182,14,6,1
182,14,12,1
182,14,17,1
182,15,4,1
182,15,6,1
182,15,13,1
182,15,15,1
182,15,18,1
182,15,22,1
182,16,11,1
182,16,16,1
182,17,9,1
182,17,19,1
182,18,13,1
182,18,14,1
182,18,22,1
182,19,9,1
182,19,15,1
182,19,22,1
182,19,23,1
182,20,13,1
182,21,7,1
182,21,17,1
182,21,20,1
182,21,24,1
182,22,10,1
182,22,11,1
182,22,16,1
182,23,2,1
182,23,18,1
182,24,24,1
182,25,12,1
182,25,19,1
182,25,24,2
207,1,1,8
207,1,3,1
207,1,6,2
207,1,9,1
207,1,17,1
207,1,18,1
207,1,20,1
207,1,21,2
207,1,25,1
207,2,1,2
207,2,7,1
207,2,18,1
207,2,21,1
207,2,26,1
207,3,4,1
207,3,14,1
207,3,23,1
207,3,24,1
207,3,26,1
207,4,1,2
207,4,2,2
207,4,3,1
207,4,11,1
207,4,16,1
207,4,23,1
207,5,3,1
207,5,15,1
207,5,17,1
207,5,18,1
207,5,19,1
207,6,3,1
207,6,4,3
207,6,14,1
207,6,15,1
207,6,16,1
207,6,17,1
207,6,18,1
207,7,5,2
207,7,7,1
207,7,11,1
207,7,12,1
207,7,19,1
207,8,4,1
207,8,5,1
207,8,8,1
207,8,15,1
207,9,5,1
207,9,7,1
207,9,10,1
207,9,15,1
207,9,16,1
207,9,17,1
207,9,18,1
207,9,19,1
207,9,23,2
207,10,5,2
207,10,6,1
207,10,8,2
207,10,10,1
207,10,16,2
207,10,17,1
207,11,4,1
207,11,6,1
207,11,12,1
207,11,19,1
207,11,20,2
207,11,21,1
207,11,23,1
207,12,9,1
207,12,12,2
207,12,18,1
207,12,20,2
207,12,22,1
207,13,6,1
207,13,10,1
207,13,11,1
207,13,12,1
207,13,13,1
207,13,16,1
207,13,17,1
207,14,20,1
207,14,22,1
207,15,4,1
207,15,5,1
207,15,12,1
207,15,13,1
207,15,15,1
207,15,23,1
207,15,24,2
207,16,3,1
207,16,7,2
207,16,20,1
207,16,21,1
207,17,8,1
207,17,15,1
207,17,17,1
207,17,20,1
207,17,24,1
207,18,7,1
207,18,10,1
207,18,17,1
207,18,20,1
207,19,7,1
207,19,26,1
222,1,1,2
222,1,2,1
222,2,1,2
222,2,2,3
222,2,3,1
222,2,5,1
222,2,9,1
222,2,17,1
222,3,1,3
222,3,2,1
222,3,3,1
222,3,9,1
222,3,14,1
222,3,17,2
222,3,22,2
222,4,2,2
222,4,8,1
222,4,16,2
222,4,17,1
222,4,23,1
222,5,2,4
222,5,3,1
222,5,4,2
222,5,5,1
222,5,7,1
222,5,12,1
222,5,14,1
222,5,16,1
222,5,20,1
222,5,25,1
222,6,3,1
222,6,6,1
222,6,10,1
222,6,16,1
222,6,19,1
222,6,22,1
222,7,1,1
222,7,4,3
222,7,6,1
222,7,7,1
222,7,25,1
222,8,2,2
222,8,5,1
222,8,7,1
222,8,8,1
222,8,9,1
222,8,15,1
222,8,18,1
222,8,22,2
222,9,1,1
222,9,2,1
222,9,3,2
222,9,4,3
222,9,5,1
222,9,6,1
222,9,11,1
222,9,12,1
222,9,21,1
222,10,6,1
222,10,8,1
222,10,13,1
222,10,18,1
222,10,24,1
222,11,1,1
222,11,3,1
222,11,5,1
222,11,9,1
222,11,13,1
222,12,3,1
222,12,4,1
222,12,9,1
222,12,17,1
222,12,19,1
222,13,5,1
222,13,19,1
222,14,8,1
222,14,13,1
222,14,16,1
222,15,3,1
222,15,10,1
222,15,12,1
222,15,20,1
222,16,5,1
222,16,8,1
222,16,10,1
222,17,14,1
222,19,12,1
222,21,13,1
222,22,13,1
222,23,10,1
222,23,11,1
224,1,1,4
224,1,3,1
224,1,11,1
224,2,1,3
224,2,2,2
224,2,3,1
224,2,20,1
224,3,1,2
224,3,2,2
224,3,3,1
224,3,6,1
224,3,9,1
224,3,10,1
224,3,17,1
224,3,18,2
224,3,22,1
224,4,1,2
224,4,2,1
224,4,3,2
224,4,7,1
224,4,11,1
224,4,12,1
224,5,1,1
224,5,2,3
224,5,7,1
224,5,12,1
224,5,13,1
224,5,14,1
224,5,15,1
224,5,17,1
224,6,2,1
224,6,4,1
224,6,21,1
224,6,22,1
224,7,1,2
224,7,2,1
224,7,5,1
224,7,6,1
224,8,2,2
224,8,4,1
224,8,7,1
224,8,13,1
224,8,19,1
224,9,2,1
224,9,3,1
224,9,4,1
224,9,10,1
224,9,11,1
224,9,30,1
224,10,4,2
224,10,5,1
224,11,6,1
224,11,8,1
224,11,18,1
224,11,19,1
224,12,21,1
224,12,22,1
224,13,4,1
224,13,5,2
224,13,6,1
224,13,8,1
224,14,6,1
224,14,13,1
224,15,8,2
224,15,9,1
224,15,17,1
224,15,20,1
224,15,21,1
224,15,24,1
224,16,4,2
224,16,6,1
224,16,15,1
224,16,19,1
224,16,20,1
224,16,21,1
224,16,24,2
224,17,3,1
224,17,4,1
224,17,5,1
224,17,9,1
224,17,16,1
224,17,17,1
224,17,21,1
224,17,22,1
224,18,6,1
224,18,8,2
224,18,13,2
224,18,17,1
224,18,18,2
224,18,20,1
224,19,11,1
224,19,14,1
224,19,15,1
224,19,19,1
224,19,22,1
224,19,24,1
224,20,8,1
224,20,9,1
224,20,13,1
224,20,15,1
224,21,6,1
224,21,8,1
224,21,17,1
224,21,20,1
224,21,21,1
224,21,22,2
224,22,11,1
224,22,12,1
224,22,18,1
224,22,20,1
224,22,22,1
224,23,7,1
224,23,9,1
224,23,11,2
224,23,21,1
224,24,3,1
224,24,11,1
224,24,13,1
224,24,19,1
224,26,26,1
231,1,1,7
231,1,2,2
231,1,4,2
231,1,14,1
231,1,15,1
231,1,16,1
231,2,1,2
231,2,2,1
231,2,3,3
231,2,10,1
231,2,13,1
231,2,15,1
231,2,19,1
231,3,1,1
231,3,2,1
231,3,12,1
231,3,16,2
231,3,18,1
231,3,23,1
231,3,26,1
231,4,2,1
231,4,3,1
231,4,6,1
231,4,13,1
231,5,22,1
231,6,2,1
231,6,3,1
231,6,4,1
231,6,7,1
231,6,14,1
231,6,23,2
231,6,24,1
231,7,3,2
231,7,6,1
231,7,10,1
231,7,13,1
231,7,18,1
231,7,22,2
231,8,4,1
231,8,5,2
231,8,7,1
231,8,14,1
231,8,19,1
231,8,22,1
231,8,23,1
231,9,4,1
231,9,7,1
231,9,11,1
231,9,13,1
231,9,21,1
231,9,28,1
231,10,10,1
231,10,17,2
231,10,19,2
231,10,22,1
231,11,4,1
231,11,11,1
231,11,20,1
231,12,21,1
231,13,8,1
231,13,25,1
231,14,6,1
231,14,8,1
231,14,17,1
231,14,23,1
231,14,25,1
231,15,4,1
231,15,7,1
231,15,20,1
231,18,9,2
231,18,15,1
231,19,15,1
231,24,23,1
289,1,1,4
289,1,2,2
289,1,4,1
289,1,5,1
289,1,10,1
289,1,14,2
289,1,15,1
289,1,20,1
289,2,1,5
289,2,2,3
289,2,3,1
289,2,4,1
289,2,5,2
289,2,6,1
289,2,9,1
289,2,12,2
289,2,16,1
289,2,17,1
289,3,1,2
289,3,2,3
289,3,3,1
289,3,4,2
289,3,7,1
289,3,9,1
289,3,13,1
289,3,15,1
289,3,18,1
289,3,19,1
289,3,20,1
289,4,1,2
289,4,2,2
289,4,3,2
289,4,8,1
289,4,16,3
289,4,18,1
289,5,2,1
289,5,3,2
289,5,4,2
289,5,7,1
289,5,8,1
289,5,9,1
289,5,14,2
289,5,16,1
289,5,21,1
289,6,1,1
289,6,2,1
289,6,3,1
289,6,6,1
289,6,7,2
289,6,11,1
289,6,14,1
289,7,2,2
289,7,9,1
289,7,16,1
289,8,2,1
289,8,5,1
289,8,6,1
289,8,8,1
289,8,13,1
289,8,16,1
289,9,4,1
289,9,9,2
289,9,11,1
289,9,15,1
289,9,18,1
289,10,4,1
289,10,12,1
289,10,16,1
289,10,20,1
289,10,22,1
289,11,17,1
289,11,20,1
289,11,22,1
289,12,6,1
289,12,7,1
289,12,12,1
289,12,16,1
289,13,5,2
289,13,9,1
289,13,14,1
289,13,16,1
289,14,6,1
289,14,11,1
289,14,12,1
289,14,16,1
289,14,18,1
289,14,19,2
289,15,4,1
289,15,6,2
289,15,9,1
289,15,13,1
289,15,15,1
289,15,17,1
289,15,23,1
289,16,5,1
289,16,10,2
289,16,11,1
289,16,15,1
289,16,18,1
289,16,24,1
289,17,8,1
289,17,12,1
289,17,14,1
289,17,16,1
289,18,7,1
289,18,12,1
289,18,13,1
289,18,19,1
289,19,6,1
289,19,9,2
289,19,15,1
289,19,16,1
289,19,20,1
289,20,10,3
289,20,12,4
289,20,13,1
289,20,14,1
289,21,7,1
289,21,8,1
289,21,10,1
289,21,11,1
289,21,12,1
289,21,13,1
289,21,18,1
289,22,6,1
289,22,13,1
289,22,14,1
289,22,16,1
289,22,17,1
289,22,18,1
289,22,23,1
289,23,9,1
289,23,10,1
289,24,8,1
289,24,13,1
289,27,11,1
289,27,17,1
289,29,8,1
304,1,5,1
304,2,1,1
304,2,2,1
304,2,3,2
304,2,4,1
304,2,6,1
304,2,7,3
304,2,8,1
304,2,11,1
304,2,12,1
304,2,13,1
304,2,16,1
304,3,2,2
304,3,3,3
304,3,4,1
304,3,6,1
304,3,8,1
304,3,13,1
304,3,15,1
304,3,22,1
304,4,1,2
304,4,2,2
304,4,5,1
304,4,15,1
304,4,18,1
304,5,1,1
304,5,3,3
304,5,7,1
304,5,8,1
304,5,10,1
304,5,18,1
304,6,1,2
304,6,2,2
304,6,3,3
304,6,4,2
304,6,8,1
304,6,14,2
304,6,18,1
304,7,1,1
304,7,2,1
304,7,3,1
304,7,4,2
304,7,5,1
304,7,6,1
304,7,13,1
304,7,15,1
304,7,16,1
304,7,18,1
304,7,26,1
304,8,4,2
304,8,5,1
304,8,6,1
304,8,8,1
304,8,12,1
304,8,19,1
304,9,3,1
304,9,4,1
304,9,5,2
304,9,9,1
304,9,14,1
304,9,21,1
304,10,1,1
304,10,2,1
304,10,3,1
304,10,4,1
304,10,5,1
304,10,18,1
304,10,19,1
304,11,4,1
304,11,5,1
304,11,6,1
304,11,7,2
304,11,12,1
304,11,16,1
304,11,21,1
304,12,6,2
304,12,15,2
304,12,20,1
304,13,14,1
304,13,15,1
304,14,3,1
304,14,6,1
304,14,12,1
304,14,13,1
304,15,14,1
304,15,15,1
304,16,3,1
304,17,27,1
304,19,6,1
304,19,7,1
328,1,1,8
328,1,2,1
328,1,3,1
328,1,4,1
328,1,5,1
328,1,9,1
328,1,11,1
328,1,12,1
328,1,18,1
328,1,22,1
328,2,1,6
328,2,2,3
328,2,3,1
328,2,4,1
328,2,11,1
328,2,12,1
328,2,15,2
328,2,18,1
328,3,1,5
328,3,2,1
328,3,3,1
328,3,4,1
328,3,5,2
328,3,7,1
328,3,8,1
328,3,11,1
328,3,13,1
328,3,14,1
328,3,18,1
328,3,25,1
328,4,1,3
328,4,2,2
328,4,3,1
328,4,5,1
328,4,9,1
328,4,10,1
328,4,12,1
328,4,13,1
328,4,16,1
328,4,22,1
328,5,1,2
328,5,26,1
328,6,1,2
328,6,2,2
328,6,4,1
328,6,9,1
328,6,12,1
328,6,13,1
328,6,14,1
328,7,2,1
328,7,6,1
328,7,7,1
328,7,13,1
328,7,14,1
328,7,18,1
328,8,2,1
328,8,4,2
328,8,14,2
328,8,17,1
328,9,5,1
328,9,14,1
328,9,18,2
328,10,3,1
328,10,10,1
328,10,14,1
328,11,6,2
328,11,12,1
328,12,15,1
328,12,17,1
328,16,1,1
341,1,1,4
341,1,10,1
341,1,17,1
341,1,18,1
341,1,20,1
341,2,1,1
341,2,2,4
341,2,13,1
341,2,16,1
341,2,17,1
341,2,18,1
341,2,19,1
341,3,4,1
341,3,9,1
341,3,10,1
341,3,15,1
341,4,2,3
341,4,3,2
341,4,5,1
341,4,6,1
341,4,7,1
341,4,9,1
341,4,11,1
341,4,14,1
341,4,15,1
341,4,17,2
341,5,2,1
341,5,3,3
341,5,4,1
341,5,5,2
341,5,16,1
341,5,17,1
341,6,3,1
341,6,4,1
341,6,8,1
341,6,11,1
341,6,14,2
341,6,15,2
341,6,17,1
341,6,18,1
341,6,23,1
341,7,2,1
341,7,4,1
341,7,5,1
341,7,6,1
341,7,7,1
341,7,15,1
341,7,19,2
341,7,24,1
341,8,16,1
341,8,24,1
341,9,1,1
341,9,3,1
341,9,5,2
341,9,7,1
341,9,13,1
341,9,19,1
341,10,5,1
341,10,7,1
341,10,9,1
341,10,11,1
341,10,12,2
341,10,16,1
341,10,20,1
341,10,25,1
341,11,2,1
341,11,3,1
341,11,4,1
341,11,5,1
341,11,6,1
341,11,8,1
341,11,14,1
341,12,6,1
341,12,9,1
341,12,11,1
341,12,17,1
341,13,8,1
341,13,15,1
341,13,17,1
341,14,6,1
341,14,11,1
341,14,15,1
341,15,7,1
341,15,8,1
341,15,9,1
341,15,15,1
341,15,23,1
341,18,11,1
341,18,18,1
341,19,15,1
341,19,26,1
341,20,17,1
341,22,11,1
341,22,18,1
356,1,1,6
356,1,3,1
356,1,6,1
356,1,7,1
356,1,12,1
356,1,14,1
356,1,16,2
356,2,1,2
356,2,2,3
356,2,3,1
356,2,4,2
356,2,11,2
356,2,12,1
356,2,13,2
356,2,26,1
356,3,1,3
356,3,2,1
356,3,3,2
356,3,4,3
356,3,8,1
356,4,1,1
356,4,2,2
356,4,4,2
356,4,11,2
356,4,13,1
356,4,15,1
356,4,16,1
356,4,19,2
356,5,1,1
356,5,2,1
356,5,3,2
356,5,4,3
356,5,5,1
356,5,8,1
356,5,9,1
356,5,10,1
356,5,18,1
356,6,2,1
356,6,8,1
356,6,9,1
356,6,12,1
356,6,15,1
356,6,16,1
356,7,1,1
356,7,2,1
356,7,3,1
356,7,5,1
356,7,6,1
356,7,12,1
356,7,14,2
356,7,15,1
356,7,17,1
356,8,6,1
356,8,7,2
356,8,10,2
356,8,12,2
356,8,13,1
356,8,15,1
356,8,20,1
356,8,21,1
356,9,4,1
356,9,5,1
356,10,2,1
356,10,4,1
356,10,6,1
356,10,14,1
356,10,15,1
356,10,16,1
356,10,22,1
356,11,12,1
356,11,14,1
356,11,17,1
356,12,6,1
356,12,11,1
356,12,13,1
356,12,19,1
356,13,9,1
356,13,13,1
356,13,14,1
356,14,5,1
356,14,13,1
356,14,22,1
356,15,5,1
356,15,6,2
356,15,7,1
356,15,21,1
356,16,7,1
356,16,8,1
356,16,9,1
356,16,10,1
356,18,4,1
356,18,21,1
356,19,11,1
356,19,16,1
356,19,24,1
356,21,15,1
356,24,19,1
356,25,12,1
356,28,26,1
358,1,1,3
358,1,2,1
358,1,4,1
358,1,11,1
358,1,12,1
358,1,13,2
358,1,19,1
358,2,1,1
358,2,2,1
358,2,10,1
358,2,14,1
358,2,15,1
358,3,3,2
358,3,9,1
358,3,11,1
358,4,3,1
358,4,4,1
358,4,13,2
358,5,4,1
358,5,9,1
358,5,12,2
358,6,1,1
358,6,11,1
358,6,13,1
358,6,17,1
358,7,5,1
358,7,8,1
358,7,9,1
358,7,13,1
358,8,1,1
358,8,4,2
358,8,10,1
358,8,13,1
358,8,15,1
358,8,16,1
358,8,17,1
358,9,2,1
358,9,3,1
358,9,13,1
358,9,20,1
358,10,13,1
358,10,18,1
358,10,21,1
358,11,4,1
358,12,14,1
358,12,17,1
358,13,6,1
358,13,10,1
358,14,11,1
358,14,14,1
358,15,13,1
358,16,12,1
358,17,17,1
373,1,1,15
373,1,2,1
373,1,3,1
373,1,4,1
373,1,5,1
373,1,6,1
373,1,7,1
373,1,8,2
373,1,10,3
373,1,11,1
373,1,12,3
373,1,14,1
373,1,17,1
373,1,19,1
373,1,21,1
373,2,1,5
373,2,3,1
373,2,15,1
373,2,17,1
373,3,1,1
373,3,3,1
373,3,4,1
373,3,9,1
373,3,10,1
373,3,11,1
373,3,15,1
373,3,16,1
373,4,12,1
373,4,15,1
373,5,4,1
373,5,9,1
373,5,16,1
373,6,1,1
373,6,7,1
373,7,28,1
373,8,1,2
373,8,3,1
373,8,4,1
373,8,16,1
373,8,18,1
373,9,3,1
373,9,15,1
373,10,5,2
373,10,12,1
373,11,3,1
373,11,12,1
373,13,1,1
373,16,12,1
403,1,1,2
403,1,2,2
403,1,3,1
403,1,9,1
403,2,12,1
403,3,2,1
403,4,1,1
403,4,3,1
403,4,4,1
403,5,2,1
403,5,3,2
403,5,4,1
403,6,3,1
403,6,8,1
403,7,3,1
403,7,14,1
403,8,12,1
403,8,20,1
403,9,2,1
403,9,3,1
403,9,8,1
403,9,9,1
403,10,3,1
403,10,7,2
403,10,9,1
403,10,11,1
403,12,6,1
403,12,17,1
403,12,18,1
403,13,6,1
403,13,7,1
403,13,11,1
403,13,14,1
403,13,16,1
403,14,11,1
403,15,6,1
403,15,9,1
403,15,11,1
403,15,13,1
403,15,20,1
403,17,12,1
403,17,14,1
403,19,18,1
403,20,11,1
578,1,1,1
578,1,2,2
578,1,12,1
578,2,2,2
578,2,3,1
578,3,1,1
578,3,2,2
578,3,4,1
578,3,5,1
578,3,17,1
578,3,20,1
578,4,2,1
578,4,3,1
578,4,11,1
578,5,2,1
578,5,3,1
578,5,4,1
578,5,7,1
578,5,16,1
578,6,4,4
578,6,5,1
578,6,10,1
578,6,11,2
578,7,1,1
578,7,2,1
578,7,3,2
578,7,4,1
578,7,6,1
578,7,12,1
578,8,3,1
578,8,19,1
578,9,7,1
578,9,12,1
578,10,6,1
578,12,6,1
578,12,18,1
578,12,19,1
578,14,10,1
578,15,14,1
579,1,1,13
579,1,2,1
579,1,4,5
579,1,8,1
579,1,9,2
579,1,10,1
579,1,11,1
579,1,12,1
579,1,13,1
579,1,15,3
579,2,1,7
579,2,2,3
579,2,3,1
579,2,11,1
579,2,14,1
579,3,1,3
579,3,2,1
579,3,12,1
579,4,2,3
579,4,13,1
579,7,1,1
579,7,2,1
579,7,13,1
579,8,4,1
579,9,2,1
579,10,12,1
579,10,15,1
642,1,1,1
642,1,2,2
642,1,4,1
642,1,6,1
642,1,15,1
642,2,1,2
642,2,2,4
642,2,3,1
642,2,5,1
642,2,7,1
642,2,11,1
642,2,16,1
642,3,1,2
642,3,2,3
642,3,4,1
642,3,8,1
642,3,14,1
642,4,3,2
642,4,10,1
642,4,13,1
642,4,14,1
642,4,18,1
642,5,3,2
642,5,21,1
642,6,5,1
642,7,3,1
642,14,4,1
647,1,1,9
647,1,4,2
647,1,8,1
647,1,17,1
647,1,19,1
647,2,1,3
647,2,11,1
647,2,12,1
647,2,15,1
647,2,17,1
647,3,1,1
647,3,18,1
647,3,21,1
647,4,2,1
647,4,16,1
647,5,17,1
647,6,2,2
647,6,17,1
647,7,2,1
647,7,5,1
647,7,6,1
647,19,31,1
647,27,21,1
647,30,24,1
807,1,8,1
807,2,19,1
807,3,5,1
807,3,7,1
807,4,6,1
807,4,8,1
807,4,9,1
807,5,6,4
807,5,7,1
807,5,10,1
807,5,14,1
807,6,5,2
807,6,8,1
807,6,10,1
807,6,14,1
807,6,19,1
807,7,4,2
807,7,5,2
807,7,6,8
807,7,7,5
807,7,8,1
807,7,9,1
807,7,10,1
807,7,12,1
807,7,14,1
807,7,19,2
807,7,22,1
807,8,5,1
807,8,6,2
807,8,7,4
807,8,8,2
807,8,9,1
807,8,13,1
807,8,15,1
807,8,16,1
807,8,20,1
807,8,21,1
807,8,22,1
807,9,7,3
807,9,8,2
807,9,10,2
807,9,12,1
807,9,14,1
807,9,16,1
807,9,20,2
807,9,21,1
807,9,22,1
807,10,6,1
807,10,7,2
807,10,8,3
807,10,9,1
807,10,10,5
807,10,11,1
807,10,13,1
807,10,20,3
807,10,24,1
807,11,4,1
807,11,5,3
807,11,6,1
807,11,7,1
807,11,8,1
807,11,9,2
807,11,10,1
807,11,11,3
807,11,12,1
807,11,13,3
807,11,14,1
807,11,17,1
807,11,20,4
807,11,22,1
807,11,24,1
807,12,6,1
807,12,8,4
807,12,9,2
807,12,10,1
807,12,11,1
807,12,12,1
807,12,13,1
807,12,17,1
807,13,6,2
807,13,7,1
807,13,8,2
807,13,9,1
807,13,10,2
807,13,12,4
807,13,14,2
807,13,15,2
807,13,16,2
807,13,17,1
807,13,19,1
807,13,20,1
807,13,21,1
807,14,10,1
807,14,12,2
807,14,13,1
807,14,18,1
807,15,7,1
807,15,13,1
807,15,14,1
807,15,15,1
807,15,16,1
807,15,20,1
807,15,22,1
807,16,9,1
807,16,15,2
807,16,19,1
807,16,20,2
807,17,10,1
807,17,12,1
807,17,15,1
807,17,17,2
807,18,10,1
807,18,20,1
807,20,8,1
807,20,13,1
807,20,20,1
807,24,21,1
808,6,3,1
808,6,11,1
808,7,5,1
808,7,8,1
808,7,22,1
808,8,17,1
808,8,23,1
808,9,10,1
808,9,15,1
808,10,5,1
808,10,6,1
808,10,9,3
808,10,14,1
808,10,16,1
808,10,19,1
808,11,15,1
808,11,19,1
808,12,11,1
808,12,12,1
808,12,13,1
808,13,10,1
808,13,22,1
808,14,7,1
808,14,12,1
808,14,13,1
808,14,17,1
808,15,10,1
808,15,13,1
808,16,11,1
808,17,21,1
808,18,15,1
808,18,16,3
808,18,17,2
808,18,19,3
808,18,20,1
808,18,24,1
808,19,11,2
808,19,14,1
808,19,16,1
808,19,17,1
808,19,18,1
808,19,19,1
808,20,13,2
808,20,16,1
808,20,18,1
808,20,19,1
808,21,17,1
808,22,17,1
808,23,9,1
811,7,13,1
811,9,7,1
811,9,16,1
811,9,17,1
811,10,9,1
811,10,10,1
811,11,23,1
811,13,6,1
811,13,9,1
811,13,10,3
811,14,7,1
811,14,8,1
811,14,10,1
811,14,12,1
811,14,16,2
811,14,17,1
811,15,13,1
811,15,15,1
811,15,22,1
811,16,14,1
811,16,17,1
811,17,12,1
811,17,15,1
811,17,23,1
811,18,23,1
811,20,19,1
811,21,20,1
811,21,23,1
811,22,17,2
811,22,18,1
811,22,21,1
811,22,22,1
811,22,23,1
811,23,15,1
811,23,16,2
811,23,19,2
811,23,22,1
811,24,14,1
811,24,20,1
811,24,21,1
812,20,20,1
812,22,14,1
812,22,15,1
812,23,14,1
812,23,18,1
812,23,19,1
812,24,17,1
812,24,18,1
812,24,20,1
812,24,21,1
812,24,24,1
813,1,1,1
813,2,22,1
813,3,5,1
813,3,12,1
813,5,15,1
813,6,7,1
813,6,20,1
813,7,14,1
813,7,16,1
813,7,19,1
813,8,13,2
813,8,18,1
813,8,20,1
813,9,9,1
813,9,15,2
813,9,16,1
813,10,7,1
813,10,9,1
813,10,20,1
813,11,8,1
813,11,18,1
813,11,19,1
813,12,8,2
813,12,16,1
813,12,19,2
813,13,8,1
813,13,11,2
813,13,12,1
813,13,14,1
813,13,16,1
813,13,20,1
813,13,22,1
813,14,7,1
813,14,11,2
813,14,14,4
813,14,17,1
813,14,18,1
813,15,10,2
813,15,11,1
813,15,14,1
813,15,16,1
813,15,18,1
813,15,19,1
813,15,20,1
813,15,22,1
813,16,12,1
813,16,14,1
813,16,15,1
813,16,16,1
813,16,19,1
813,16,20,1
813,16,21,1
813,16,22,2
813,17,11,1
813,17,14,2
813,17,16,1
813,17,17,2
813,17,18,1
813,17,19,1
813,17,21,2
813,18,11,1
813,18,12,4
813,18,13,1
813,18,15,1
813,18,23,1
813,18,24,1
813,20,13,1
813,20,17,1
813,21,10,1
813,21,16,1
813,21,18,1
813,21,23,1
813,22,11,1
813,22,13,1
813,22,14,1
813,22,15,1
813,22,16,1
813,23,14,1
813,24,23,1
814,5,4,1
814,5,20,1
814,6,4,1
814,6,15,1
814,8,11,2
814,9,8,2
814,9,10,2
814,9,11,1
814,10,6,2
814,10,7,2
814,10,9,1
814,10,19,1
814,10,23,1
814,11,6,1
814,11,7,1
814,11,8,3
814,11,12,1
814,11,16,1
814,11,18,1
814,12,8,1
814,12,9,1
814,12,11,3
814,12,12,2
814,12,13,2
814,12,14,2
814,13,12,1
814,13,15,1
814,13,23,1
814,14,7,2
814,14,10,2
814,14,12,1
814,15,10,1
814,15,12,1
814,15,21,1
814,15,22,2
814,16,12,2
814,17,7,1
814,17,9,1
814,17,11,1
814,17,20,1
814,18,18,1
814,19,18,1
814,21,9,1
815,2,11,1
815,3,2,1
815,3,6,1
815,4,3,2
815,4,4,3
815,4,5,4
815,4,7,1
815,4,10,1
815,4,17,1
815,4,21,1
815,5,1,1
815,5,5,1
815,5,6,1
815,5,7,2
815,5,9,1
815,5,18,1
815,5,20,1
815,5,22,1
815,6,1,1
815,6,5,1
815,6,6,1
815,6,9,2
815,6,15,1
815,7,3,3
815,7,5,1
815,7,6,3
815,7,7,4
815,7,11,2
815,7,13,1
815,7,16,2
815,7,20,1
815,8,3,1
815,8,4,1
815,8,5,2
815,8,7,1
815,8,8,2
815,8,9,3
815,8,10,2
815,8,11,2
815,8,12,2
815,8,17,1
815,8,20,1
815,8,24,1
815,9,2,1
815,9,4,3
815,9,5,1
815,9,6,2
815,9,7,3
815,9,8,2
815,9,9,2
815,9,10,1
815,9,12,2
815,9,13,1
815,9,20,1
815,10,6,1
815,10,7,4
815,10,8,1
815,10,9,1
815,10,10,2
815,10,11,1
815,10,13,1
815,10,14,1
815,10,15,1
815,10,21,1
815,11,6,1
815,11,7,3
815,11,8,2
815,11,9,2
815,11,10,3
815,11,11,1
815,11,12,1
815,11,15,2
815,11,17,1
815,12,2,1
815,12,5,1
815,12,6,1
815,12,7,1
815,12,8,1
815,12,9,1
815,12,10,4
815,12,11,4
815,12,16,1
815,12,17,1
815,12,19,1
815,12,24,1
815,13,7,1
815,13,8,3
815,13,9,1
815,13,11,4
815,13,18,2
815,13,19,1
815,13,20,1
815,13,22,1
815,14,7,1
815,14,8,2
815,14,10,3
815,14,12,1
815,14,13,1
815,14,14,1
815,14,22,1
815,15,3,1
815,15,6,1
815,15,7,1
815,15,9,3
815,15,11,4
815,15,12,1
815,15,14,1
815,15,15,1
815,15,17,2
815,15,19,1
815,15,22,1
815,16,7,1
815,16,9,1
815,16,10,1
815,16,11,2
815,16,12,1
815,16,17,1
815,16,21,1
815,17,6,2
815,17,8,3
815,17,13,1
815,17,16,1
815,18,7,2
815,18,13,1
815,18,15,1
815,18,16,1
815,19,6,1
815,19,14,1
815,19,20,1
815,20,10,1
815,22,8,1
815,23,11,1
816,15,13,1
816,20,17,1
816,20,21,1
816,21,15,1
816,21,16,1
816,21,18,1
816,21,20,1
816,21,23,1
816,22,14,1
816,22,17,1
816,22,18,1
816,22,19,1
816,22,20,1
816,22,21,1
816,23,15,1
816,23,19,1
816,23,20,2
816,23,22,1
816,24,19,1
817,1,1,1
817,1,2,1
817,1,17,1
817,2,2,2
817,2,4,2
817,2,7,1
817,2,22,1
817,3,2,2
817,3,3,6
817,3,4,1
817,3,5,1
817,3,10,1
817,4,1,2
817,4,3,4
817,4,4,3
817,4,5,2
817,4,6,2
817,4,7,1
817,4,10,1
817,4,16,1
817,4,17,1
817,4,18,1
817,4,20,2
817,5,1,1
817,5,2,1
817,5,3,3
817,5,4,5
817,5,5,3
817,5,6,2
817,5,8,2
817,5,10,1
817,5,11,1
817,5,14,1
817,5,16,1
817,5,17,1
817,5,18,1
817,6,1,2
817,6,3,4
817,6,4,2
817,6,5,4
817,6,6,3
817,6,7,3
817,6,8,1
817,6,9,1
817,6,12,1
817,6,15,1
817,6,20,1
817,7,5,1
817,7,6,3
817,7,7,4
817,7,9,1
817,7,10,1
817,7,11,1
817,7,15,1
817,7,18,1
817,8,3,1
817,8,4,4
817,8,8,1
817,8,11,1
817,8,13,1
817,8,16,1
817,9,5,1
817,9,6,1
817,9,13,1
817,9,16,1
817,9,18,1
817,9,22,1
817,10,1,1
817,10,6,1
817,10,7,1
817,10,9,2
817,10,11,2
817,10,14,1
817,10,15,2
817,10,18,1
817,10,19,2
817,10,20,1
817,11,4,1
817,11,6,1
817,11,7,1
817,11,8,1
817,11,10,2
817,11,11,1
817,11,13,1
817,11,15,1
817,12,4,1
817,12,12,2
817,12,13,1
817,12,18,1
817,12,19,2
817,13,4,1
817,13,7,1
817,13,8,1
817,13,9,1
817,13,11,1
817,13,12,1
817,13,13,1
817,13,16,1
817,13,18,1
817,13,19,1
817,14,6,1
817,14,10,1
817,14,12,1
817,14,14,1
817,14,19,1
817,15,4,1
817,15,9,1
817,15,12,1
817,15,13,3
817,15,17,1
817,16,4,1
817,16,9,2
817,16,10,1
817,16,13,1
817,16,19,1
817,16,20,1
817,17,11,1
817,17,17,1
817,18,6,1
817,18,10,1
817,18,12,1
817,18,15,1
817,19,5,1
817,19,8,1
817,19,10,1
817,19,11,1
817,19,17,1
817,20,4,1
817,20,14,2
817,20,20,1
817,20,21,1
817,21,9,1
817,22,18,1
817,22,19,1
817,22,20,1
817,22,22,1
817,23,16,1
817,23,18,1
817,23,19,1
817,23,21,1
817,24,19,2
818,6,8,1
818,7,6,1
818,7,17,1
818,8,8,1
818,8,9,1
818,8,15,1
818,9,12,1
818,9,13,1
818,9,19,1
818,10,8,1
818,10,10,1
818,10,12,1
818,10,21,1
818,11,11,1
818,12,6,1
818,12,11,1
818,12,13,1
818,12,14,1
818,12,20,1
818,12,22,1
818,13,12,1
818,13,13,1
818,13,17,1
818,14,10,1
818,14,12,3
818,14,13,1
818,14,20,1
818,14,21,1
818,14,24,1
818,15,8,1
818,15,12,1
818,15,13,1
818,15,14,1
818,16,8,1
818,16,12,1
818,16,16,1
818,16,18,1
818,16,20,2
818,16,22,1
818,16,24,1
818,17,8,1
818,17,10,1
818,17,12,2
818,17,14,1
818,18,8,1
818,18,12,1
818,18,15,1
818,18,23,1
818,19,13,1
818,19,15,1
818,20,9,1
818,21,22,1
818,23,14,1
818,24,16,1
819,18,15,1
819,18,17,1
819,18,18,1
819,18,20,1
819,18,22,1
819,19,14,1
819,19,15,1
819,19,18,1
819,19,19,2
819,19,24,1
819,20,14,1
819,20,16,2
819,20,17,1
819,20,18,1
819,20,20,2
819,20,21,1
819,21,15,1
819,21,16,1
819,21,18,1
819,21,20,4
819,21,21,1
819,22,12,1
819,22,16,2
819,22,17,2
819,22,20,1
819,22,22,1
819,23,15,1
819,23,20,1
819,24,19,3
820,16,19,1
820,17,13,1
820,17,16,1
820,17,19,1
820,18,16,1
820,18,19,1
820,18,21,1
820,19,14,1
820,19,16,1
820,19,17,1
820,20,17,2
820,20,19,1
820,20,21,2
820,20,22,1
820,21,13,1
820,21,15,1
820,21,16,1
820,21,17,4
820,21,18,1
820,21,19,3
820,21,20,1
820,21,21,1
820,22,14,1
820,22,17,3
820,22,19,1
820,22,20,1
821,8,11,1
821,10,12,1
821,10,13,1
821,10,20,1
821,11,11,2
821,11,14,1
821,12,11,1
821,12,17,2
821,13,11,1
821,13,12,1
821,13,13,1
821,13,15,1
821,13,16,1
821,13,17,1
821,13,19,2
821,14,7,1
821,14,12,1
821,14,14,1
821,14,15,1
821,14,16,2
821,14,20,1
821,14,21,1
821,15,13,2
821,15,14,1
821,15,19,2
821,15,20,1
821,16,11,1
821,16,13,2
821,16,14,1
821,16,15,1
821,16,17,1
821,17,12,1
821,17,14,1
821,17,15,1
821,17,16,1
821,17,19,2
821,17,21,1
821,17,22,1
821,18,12,1
821,18,13,1
821,18,14,1
821,19,11,1
821,19,13,1
821,19,20,1
821,20,12,1
821,20,14,1
821,20,15,1
821,20,20,1
821,21,14,1
821,22,14,1
821,22,18,1
822,1,1,5
822,1,2,6
822,1,3,3
822,1,8,1
822,1,19,2
822,2,1,1
822,2,2,11
822,2,3,4
822,2,4,1
822,2,5,3
822,2,7,1
822,2,8,2
822,2,11,1
822,2,16,1
822,3,1,3
822,3,2,4
822,3,3,9
822,3,4,3
822,3,5,6
822,3,6,2
822,3,8,2
822,3,9,1
822,3,12,1
822,3,14,2
822,3,15,1
822,3,17,1
822,3,19,1
822,4,2,5
822,4,3,3
822,4,4,3
822,4,5,2
822,4,7,1
822,4,10,1
822,4,20,1
822,5,2,1
822,5,3,1
822,5,4,1
822,5,5,4
822,5,6,2
822,5,10,1
822,6,3,4
822,6,4,3
822,6,5,1
822,6,9,1
822,6,13,2
822,6,14,1
822,7,3,1
822,7,5,3
822,7,7,1
822,7,9,2
822,8,5,1
822,8,6,1
822,8,8,2
822,8,11,1
822,8,16,1
822,8,18,1
822,9,2,1
822,9,8,1
822,9,14,1
822,10,9,1
822,10,12,2
822,10,20,1
822,11,5,1
822,11,10,1
822,11,11,1
822,11,21,1
822,13,12,1
822,13,16,1
822,13,17,1
822,13,21,1
822,14,2,1
822,14,12,1
822,15,5,1
822,15,8,1
822,15,14,1
822,15,15,1
822,15,16,1
822,16,8,1
822,16,12,1
822,16,13,2
822,16,14,2
822,16,16,1
822,16,19,1
822,16,20,1
822,17,12,1
822,17,16,1
822,18,8,1
822,18,11,1
822,18,15,1
822,19,4,1
822,20,4,1
822,20,15,1
823,14,16,1
823,15,15,1
823,18,18,1
823,18,19,1
823,18,21,1
823,19,18,1
823,19,21,1
823,20,14,1
823,20,15,1
823,20,16,1
823,20,18,2
823,20,21,1
823,20,22,1
823,21,18,2
823,21,22,1
823,22,15,1
823,22,18,1
824,12,14,1
824,15,15,1
824,15,18,1
824,16,18,1
824,17,15,1
824,18,14,1
824,18,15,2
824,18,18,1
824,18,20,1
824,19,13,1
824,19,15,1
824,19,16,3
824,19,17,2
824,19,18,3
824,19,19,1
824,19,20,1
824,19,21,1
824,19,22,1
824,20,18,1
824,20,19,1
824,21,9,1
824,21,16,1
824,21,17,1
824,21,18,1
824,21,19,1
824,21,20,1
824,21,22,1
824,22,16,1
825,4,2,1
825,4,9,1
825,5,7,1
825,5,8,1
825,5,10,1
825,5,11,1
825,5,14,1
825,5,17,1
825,6,5,1
825,6,7,1
825,6,13,1
825,7,6,2
825,7,8,1
825,7,9,2
825,7,12,1
825,7,14,1
825,8,5,1
825,8,7,1
825,8,9,1
825,8,10,1
825,8,12,1
825,8,18,1
825,9,6,1
825,9,7,1
825,9,8,1
825,9,10,1
825,9,11,3
825,9,13,1
825,10,9,1
825,10,19,1
825,11,5,1
825,11,10,2
825,11,13,1
825,11,14,1
825,11,16,1
825,11,18,1
825,12,7,1
825,12,8,3
825,12,9,1
825,12,13,1
825,12,15,1
825,12,18,2
825,12,20,2
825,13,9,1
825,13,10,1
825,13,13,1
825,13,17,2
825,13,20,1
825,14,8,1
825,14,12,2
825,14,13,2
825,14,14,1
825,14,17,1
825,14,19,1
825,14,20,1
825,15,10,1
825,15,12,1
825,15,13,4
825,15,14,1
825,15,15,1
825,15,17,1
825,15,18,1
825,15,19,1
825,16,12,1
825,16,13,1
825,16,15,2
825,16,16,1
825,16,17,2
825,16,18,1
825,16,19,1
825,16,20,1
825,17,7,1
825,17,12,1
825,17,14,2
825,17,15,2
825,17,16,1
825,17,17,2
825,17,18,1
825,17,20,1
825,18,12,3
825,18,14,1
825,18,17,1
825,18,22,1
825,19,13,1
825,19,15,2
825,19,16,1
825,20,16,1
825,20,17,1
825,20,18,1
825,20,19,1
825,21,12,1
825,21,17,1
825,22,11,1
825,22,14,1
825,22,16,1
826,4,4,1
826,4,6,1
826,4,13,1
826,5,4,1
826,5,9,1
826,5,14,1
826,5,20,1
826,6,3,1
826,6,7,2
826,6,19,1
826,6,22,1
826,7,2,1
826,7,6,1
826,7,7,1
826,7,9,1
826,7,11,1
826,7,22,1
826,8,4,1
826,8,9,2
826,8,10,1
826,8,12,1
826,8,15,1
826,8,20,2
826,9,9,3
826,9,10,1
826,9,11,1
826,9,14,1
826,9,17,1
826,9,19,1
826,10,10,1
826,10,11,1
826,10,14,2
826,11,5,1
826,11,8,1
826,11,9,2
826,11,10,2
826,11,11,1
826,11,12,1
826,11,17,1
826,11,19,2
826,12,4,1
826,12,7,1
826,12,11,2
826,12,12,2
826,12,14,1
826,12,15,1
826,12,16,2
826,12,19,2
826,13,9,1
826,13,10,3
826,13,11,1
826,13,12,2
826,13,13,1
826,13,15,2
826,13,16,1
826,13,19,1
826,14,3,1
826,14,10,1
826,14,13,1
826,14,15,1
826,14,16,1
826,15,7,1
826,15,10,2
826,15,12,3
826,15,14,1
826,15,16,1
826,16,10,2
826,16,11,1
826,16,12,1
826,16,17,1
826,16,19,1
826,17,9,2
826,17,11,1
826,17,12,1
826,17,15,1
826,17,19,1
826,18,10,1
826,18,15,1
826,18,18,1
826,18,22,1
826,19,7,1
826,19,9,1
826,19,12,2
826,19,14,2
826,19,18,1
826,20,13,1
826,21,11,1
827,21,22,1
828,6,20,1
828,9,19,1
828,10,9,1
828,10,10,1
828,10,13,1
828,11,13,1
828,11,18,1
828,12,9,1
828,12,14,1
828,12,16,1
828,12,17,1
828,12,18,1
828,13,9,1
828,13,10,2
828,13,14,1
828,13,15,1
828,14,11,1
828,14,12,1
828,14,15,3
828,14,17,1
828,14,18,1
828,15,8,1
828,15,11,2
828,15,13,1
828,15,14,1
828,15,16,1
828,15,17,1
828,15,18,1
828,16,10,1
828,16,11,2
828,16,14,2
828,16,18,1
828,16,19,1
828,17,9,1
828,17,10,1
828,17,11,2
828,17,12,2
828,17,13,3
828,17,14,1
828,17,16,2
828,17,17,1
828,17,19,1
828,17,20,1
828,18,11,1
828,18,14,1
828,18,15,4
828,19,12,1
828,19,13,1
828,19,15,3
828,19,16,1
828,19,17,3
828,19,18,1
828,19,20,1
828,19,22,1
828,20,10,1
828,20,12,1
828,20,15,1
828,20,16,2
828,20,17,1
828,20,18,1
828,20,19,1
828,20,20,3
828,20,21,1
828,21,15,1
828,21,19,1
828,22,11,1
828,22,14,2
828,22,15,2
828,22,17,1
828,22,18,2
828,22,20,2
828,22,21,1
829,13,15,1
829,15,16,1
829,17,14,1
829,17,16,1
829,17,17,2
829,17,18,1
829,18,16,1
829,18,17,2
829,18,19,1
829,19,13,1
829,19,15,2
829,19,17,1
829,19,18,1
829,19,20,1
829,20,16,1
830,1,1,7
830,1,2,2
830,1,20,1
830,2,1,5
830,2,2,4
830,2,3,1
830,2,6,1
830,2,11,1
830,2,19,1
830,2,20,1
830,3,1,2
830,3,2,8
830,3,3,5
830,3,4,2
830,3,9,1
830,3,17,1
830,3,18,1
830,3,19,2
830,4,1,3
830,4,2,2
830,4,3,5
830,4,4,4
830,4,5,4
830,4,6,3
830,4,20,1
830,5,2,1
830,5,3,1
830,5,4,3
830,5,5,4
830,5,10,1
830,5,15,1
830,5,16,1
830,5,17,1
830,5,18,3
830,5,19,2
830,5,20,2
830,6,3,1
830,6,4,1
830,6,5,1
830,6,7,1
830,6,11,1
830,6,18,1
830,7,2,1
830,7,3,1
830,7,5,1
830,7,7,1
830,7,8,1
830,7,19,1
830,8,2,1
830,8,4,1
830,8,8,1
830,8,9,1
830,9,4,2
830,9,5,1
830,9,8,2
830,9,9,1
830,9,10,1
830,9,18,1
830,9,19,1
830,10,6,1
830,11,13,1
830,11,16,1
830,13,10,1
830,13,16,1
830,13,17,1
830,15,18,1
830,15,19,1
830,16,3,1
830,16,4,1
830,17,9,1
830,18,2,1
830,18,8,1
830,19,5,1
830,19,8,1
830,19,15,1
830,20,9,1
830,20,12,1
831,8,11,1
831,9,8,1
831,10,5,1
831,12,6,1
831,12,12,1
831,13,13,1
831,14,9,1
831,14,11,1
831,14,15,1
831,14,16,1
831,15,9,1
831,15,12,2
831,15,17,1
831,16,10,1
831,16,12,1
831,16,13,1
831,16,17,2
831,16,20,3
831,17,13,1
831,17,15,1
831,18,11,1
831,18,17,1
831,18,18,1
831,18,22,1
831,19,15,1
831,19,16,2
831,19,19,1
831,20,15,1
831,21,9,1
831,21,13,1
831,21,14,1
831,21,15,2
831,21,21,1
832,3,2,1
832,3,9,1
832,4,2,1
832,5,6,1
832,5,8,1
832,5,9,2
832,5,11,2
832,6,6,3
832,6,7,2
832,6,8,2
832,6,14,1
832,6,19,1
832,7,5,2
832,7,6,2
832,7,7,1
832,7,8,4
832,7,9,2
832,7,12,1
832,7,13,2
832,7,19,1
832,7,20,2
832,8,4,1
832,8,5,2
832,8,6,1
832,8,8,2
832,8,9,1
832,8,10,2
832,8,11,1
832,8,12,1
832,8,14,1
832,8,16,1
832,8,19,1
832,9,5,1
832,9,6,1
832,9,7,3
832,9,8,1
832,9,9,2
832,9,10,1
832,9,12,1
832,9,18,1
832,9,19,1
832,10,4,1
832,10,5,2
832,10,6,2
832,10,7,1
832,10,10,1
832,10,11,2
832,10,16,1
832,10,17,2
832,10,19,1
832,11,5,1
832,11,6,1
832,11,7,2
832,11,10,1
832,11,11,1
832,11,12,2
832,11,13,1
832,11,17,1
832,11,18,1
832,12,6,1
832,12,7,1
832,12,8,2
832,12,13,1
832,12,16,1
832,12,17,1
832,12,19,1
832,13,6,1
832,13,10,2
832,13,19,1
832,13,20,1
832,14,9,1
832,14,10,1
832,14,11,1
832,14,13,1
832,14,14,1
832,14,17,1
832,14,19,1
832,14,20,1
832,15,3,1
832,15,5,2
832,15,6,1
832,15,8,3
832,15,12,1
832,15,14,2
832,15,15,1
832,15,19,1
832,16,11,1
832,16,16,1
832,16,17,1
832,17,11,1
832,18,20,1
832,18,21,1
832,19,8,1
832,19,20,1
832,20,3,1
832,20,7,1
832,20,9,1
832,20,16,1
832,21,18,1
833,14,16,1
833,16,14,1
833,16,18,1
833,17,15,1
833,18,13,1
833,19,15,2
833,19,16,1
833,19,17,1
833,20,12,1
833,20,16,1
833,20,18,1
833,20,19,1
834,16,15,1
834,17,12,1
834,17,18,1
834,19,18,1
834,20,14,1
835,10,12,1
835,10,13,1
835,11,6,1
835,11,20,1
835,12,15,1
835,13,11,1
835,13,15,1
835,14,13,1
835,14,19,1
835,15,11,1
835,15,13,1
835,15,17,1
835,16,11,2
835,16,12,1
835,16,18,1
835,16,19,1
835,16,21,1
835,17,12,1
835,17,13,1
835,17,15,1
835,17,20,1
835,18,12,1
835,18,13,1
835,18,15,1
835,18,18,1
835,18,22,1
835,19,10,1
835,19,12,1
835,19,19,1
835,19,22,2
835,20,13,1
835,20,20,1
835,20,21,1
835,21,14,1
835,21,15,1
836,12,10,1
836,12,16,1
836,13,11,1
836,13,14,1
836,13,20,1
836,14,10,1
836,14,19,1
836,15,8,1
836,15,14,1
836,15,22,1
836,16,13,1
836,16,14,1
836,16,22,1
836,17,15,1
836,17,16,1
836,17,17,3
836,17,20,1
836,18,14,1
836,18,15,1
836,18,17,1
836,18,19,1
836,18,20,1
836,19,12,1
836,19,15,1
836,19,16,1
836,20,14,2
836,20,15,1
836,20,17,1
836,20,18,1
836,20,19,1
836,20,22,1
836,21,15,1
836,21,16,2
836,21,18,1
836,21,22,1
837,16,18,1
837,19,15,1
837,19,19,2
837,19,20,1
837,20,16,1
837,20,17,1
837,20,21,1
837,21,21,1
837,21,22,1
837,22,17,1
837,22,19,1
838,7,7,1
838,8,10,1
838,8,11,1
838,9,7,1
838,9,14,1
838,11,9,1
838,11,15,1
838,12,10,1
838,12,14,1
838,12,16,1
838,12,19,1
838,13,12,2
838,14,8,1
838,14,13,1
838,15,8,1
838,15,15,1
838,15,16,2
838,15,18,1
838,16,9,1
838,16,14,1
838,16,18,1
838,17,11,2
838,17,12,2
838,17,20,1
838,18,12,2
838,18,13,1
838,18,14,1
838,18,15,1
838,18,19,1
838,19,12,1
838,19,13,1
838,19,15,1
838,20,12,1
838,20,14,3
838,20,18,1
839,3,6,2
839,5,6,1
839,5,9,1
839,5,18,1
839,6,5,2
839,6,6,2
839,6,7,1
839,6,9,1
839,6,10,1
839,6,19,1
839,7,6,1
839,7,7,1
839,7,8,1
839,7,9,1
839,7,11,1
839,7,18,1
839,7,19,1
839,8,1,1
839,8,6,1
839,8,7,1
839,8,9,2
839,8,10,1
839,9,6,2
839,9,8,2
839,9,9,3
839,9,17,1
839,9,20,1
839,10,5,1
839,10,7,2
839,10,9,1
839,10,14,1
839,10,18,1
839,11,2,1
839,11,6,1
839,11,8,1
839,11,9,3
839,11,11,1
839,11,14,1
839,11,19,1
839,12,8,1
839,12,11,1
839,12,19,1
839,12,20,1
839,13,10,1
839,13,16,1
839,14,8,2
839,14,10,2
839,14,12,1
839,14,14,1
839,15,8,1
839,15,12,1
839,15,13,1
839,16,13,1
839,17,10,1
839,17,14,1
839,17,16,1
839,17,20,1
839,18,13,1
839,18,15,1
839,20,13,1
839,20,16,1
839,20,21,2
839,21,18,1
839,22,12,1
839,22,18,2
840,1,9,1
840,2,7,1
840,3,4,1
840,5,4,1
840,6,6,1
840,6,9,1
840,6,13,1
840,8,3,2
840,8,10,1
840,9,8,1
840,9,9,1
840,9,12,1
840,9,13,1
840,9,18,1
840,10,3,1
840,10,8,2
840,10,9,1
840,10,10,1
840,10,20,1
840,11,6,1
840,11,11,2
840,12,7,1
840,12,9,1
840,12,12,1
840,12,17,1
840,12,19,1
840,12,20,3
840,13,8,2
840,13,9,1
840,13,14,1
840,13,19,1
840,14,8,1
840,14,11,1
840,14,13,1
840,14,14,2
840,14,15,1
840,14,17,1
840,15,4,1
840,15,11,2
840,15,13,1
840,15,14,1
840,15,16,2
840,15,17,1
840,15,18,1
840,16,9,1
840,16,10,1
840,16,12,2
840,16,13,1
840,16,16,1
840,16,19,1
840,17,9,2
840,17,12,1
840,17,13,2
840,17,14,2
840,17,15,1
840,17,16,1
840,17,17,1
840,17,19,1
840,17,20,1
840,18,8,1
840,18,10,1
840,18,11,1
840,18,13,1
840,18,14,2
840,18,16,1
840,18,17,2
840,19,10,1
840,19,12,1
840,19,17,1
840,19,18,2
840,19,19,1
840,20,13,1
840,20,14,2
840,20,16,1
841,7,10,1
841,7,14,1
841,10,9,1
841,10,10,2
841,10,16,1
841,10,20,1
841,11,13,1
841,11,14,1
841,11,18,1
841,12,5,1
841,12,12,2
841,12,13,1
841,12,15,1
841,13,15,1
841,14,10,1
841,14,13,2
841,14,15,2
841,14,16,1
841,15,13,1
841,15,14,3
841,15,15,1
841,16,11,1
841,16,12,1
841,16,14,1
841,16,16,2
841,17,11,1
841,17,12,1
841,17,14,1
841,17,15,1
841,17,17,1
841,17,18,1
841,18,9,1
841,18,16,2
841,18,18,2
841,18,19,2
841,19,14,1
841,19,15,1
841,19,17,2
841,20,10,1
841,20,11,1
841,20,16,1
842,4,3,1
842,4,4,1
842,4,14,1
842,4,20,1
842,5,4,2
842,5,5,1
842,5,7,1
842,5,8,1
842,5,17,1
842,6,2,1
842,6,6,6
842,6,7,1
842,6,9,1
842,6,20,1
842,7,11,2
842,7,15,1
842,8,5,1
842,8,6,1
842,8,7,1
842,9,5,1
842,9,7,1
842,9,8,1
842,9,9,1
842,9,10,2
842,9,11,1
842,9,13,1
842,9,14,1
842,10,1,1
842,10,7,1
842,10,9,3
842,10,16,1
842,10,20,1
842,11,7,1
842,11,8,1
842,11,11,1
842,11,18,1
842,12,6,1
842,12,7,1
842,12,8,1
842,12,10,1
842,12,11,1
842,12,19,1
842,13,8,1
842,13,9,1
842,14,13,2
842,14,20,1
842,15,13,1
842,15,14,1
842,16,11,1
842,16,14,2
842,16,20,1
842,17,11,2
842,17,12,1
842,17,16,2
842,17,18,1
842,17,19,1
842,19,12,2
842,19,13,1
842,20,10,1
842,20,13,1
842,20,18,1
843,6,13,1
843,8,11,1
843,11,14,1
843,11,17,1
843,12,19,1
843,14,14,1
843,15,19,1
843,15,20,1
843,16,11,1
843,16,12,1
843,16,15,1
843,16,19,1
843,17,10,1
843,17,17,1
843,17,18,1
843,18,17,1
843,19,10,1
843,19,13,1
843,19,17,1
843,20,9,1
843,20,12,1
843,20,14,1
843,20,15,1
843,20,20,1
844,1,1,2
844,1,2,2
844,1,3,2
844,1,4,2
844,1,20,1
844,2,6,1
844,3,3,4
844,4,2,1
844,4,3,1
844,4,4,5
844,4,5,1
844,4,6,1
844,4,7,1
844,4,20,1
844,5,5,3
844,5,8,1
844,6,11,1
844,7,2,1
844,7,5,1
844,7,7,3
844,7,16,1
844,7,18,1
844,8,4,1
844,8,5,1
844,8,6,1
844,8,7,1
844,8,10,1
844,9,7,1
844,9,8,1
844,9,15,2
844,9,19,1
844,9,20,1
844,10,6,1
844,10,17,1
844,10,18,1
844,12,4,1
844,12,8,1
844,12,10,1
844,12,13,1
844,12,18,1
844,13,6,1
844,13,9,1
844,13,10,1
844,13,14,1
844,13,18,1
844,14,10,1
844,14,18,2
844,14,19,1
844,15,11,1
844,15,20,1
844,17,20,1
844,18,9,1
844,18,13,1
844,19,12,1
844,19,19,1
845,11,20,1
845,12,10,1
845,12,19,1
845,13,16,1
845,13,18,1
845,14,13,1
845,14,16,1
845,16,12,1
845,16,15,1
845,17,13,1
845,17,16,1
845,18,14,1
845,18,15,2
845,18,17,1
845,19,13,1
845,19,14,1
845,19,15,1
845,19,19,1
845,19,20,1
845,20,16,1
846,2,3,1
846,3,3,1
846,3,5,1
846,4,5,1
846,5,3,1
846,5,4,1
846,5,5,1
846,5,6,1
846,5,9,1
846,6,4,1
846,6,8,1
846,6,15,1
846,7,3,1
846,7,4,1
846,7,5,1
846,7,8,2
846,7,9,1
846,8,5,1
846,8,7,1
846,8,10,1
846,8,11,2
846,8,12,1
846,8,13,2
846,8,15,1
846,8,16,1
846,8,20,2
846,9,4,1
846,9,5,2
846,9,6,1
846,9,7,1
846,9,8,2
846,10,7,1
846,10,8,1
846,10,9,1
846,10,20,1
846,11,6,1
846,11,11,1
846,12,11,1
846,13,10,1
846,14,8,1
846,15,14,1
846,15,18,1
846,16,10,1
846,19,10,1
846,19,18,1
847,2,2,1
847,2,9,1
847,8,11,1
847,10,19,1
847,11,16,2
847,11,17,1
847,12,12,1
847,12,18,1
847,12,19,1
847,13,16,1
847,13,18,1
847,14,12,2
847,14,14,2
847,14,15,1
847,15,14,3
847,15,16,1
847,15,17,1
847,15,18,1
847,15,19,1
847,16,15,2
847,17,8,1
847,17,11,1
847,17,15,1
847,17,16,1
847,17,17,1
847,17,20,1
847,18,11,1
847,18,12,1
847,18,16,2
847,18,17,3
847,18,20,1
847,19,14,2
847,19,15,2
847,19,16,2
847,19,17,1
847,20,12,1
847,20,19,1
848,4,3,2
848,4,7,1
848,4,13,1
848,5,4,1
848,5,5,1
848,5,6,2
848,5,14,1
848,5,17,1
848,6,4,2
848,6,5,1
848,6,6,1
848,6,8,1
848,6,12,1
848,6,15,1
848,8,6,1
848,9,5,1
848,9,12,1
848,9,15,1
848,10,8,1
848,11,11,2
848,11,15,1
848,12,6,1
848,12,8,1
848,12,9,1
848,12,10,1
848,13,5,1
848,13,14,1
848,13,19,1
848,15,10,1
848,16,6,1
848,17,5,1
848,18,15,1
849,10,9,1
849,14,20,1
849,15,19,1
849,16,16,1
849,16,17,1
849,16,18,2
849,17,14,1
849,17,18,1
849,18,7,1
849,18,14,1
849,18,15,2
849,18,16,1
849,18,17,2
849,18,18,1
849,18,19,1
849,19,11,1
849,19,15,1
849,19,16,2
849,19,18,1
849,20,11,2
849,20,14,1
849,20,16,1
849,20,18,1
850,17,19,1
850,20,17,1
851,17,16,1
852,7,7,1
852,7,12,1
852,11,10,1
852,13,9,1
852,14,15,1
852,14,19,1
852,16,6,1
852,16,10,1
852,16,15,1
852,16,16,1
852,16,20,1
852,20,12,1
853,18,14,1
853,18,17,1
853,18,20,2
853,19,14,1
853,19,17,3
853,19,20,1
853,20,18,1
853,20,19,3
854,15,19,1
854,17,13,1
854,17,16,1
854,17,18,1
854,18,16,2
854,18,18,2
854,19,16,1
854,19,17,1
854,19,18,1
854,20,12,1
854,20,18,1
